type	rtx_name	term	purpose
anatomical_entity	UBERON:0000014	zone of skin	Q2-COP
anatomical_entity	UBERON:0000018	compound eye	Q2-COP
anatomical_entity	UBERON:0000019	camera-type eye	Q2-COP
anatomical_entity	UBERON:0000029	lymph node	Q2-COP
anatomical_entity	UBERON:0000081	metanephros	Q2-COP
anatomical_entity	UBERON:0000082	adult mammalian kidney	Q2-COP
anatomical_entity	UBERON:0000178	blood	Q2-COP
anatomical_entity	UBERON:0000310	breast	Q2-COP
anatomical_entity	UBERON:0000945	stomach	Q2-COP
anatomical_entity	UBERON:0000948	heart	Q2-COP
anatomical_entity	UBERON:0000955	brain	Q2-COP
anatomical_entity	UBERON:0000970	eye	Q2-COP
anatomical_entity	UBERON:0000974	neck	Q2-COP
anatomical_entity	UBERON:0000992	female gonad	Q2-COP
anatomical_entity	UBERON:0000995	uterus	Q2-COP
anatomical_entity	UBERON:0001017	central nervous system	Q2-COP
anatomical_entity	UBERON:0001017	central nervous system	Q2-COP
anatomical_entity	UBERON:0001155	colon	Q2-COP
anatomical_entity	UBERON:0001348	brown adipose tissue	Q2-COP
anatomical_entity	UBERON:0001637	artery	Q2-COP
anatomical_entity	UBERON:0001824	mucose of larynx	Q2-COP
anatomical_entity	UBERON:0001911	mammary gland	Q2-COP
anatomical_entity	UBERON:0001994	hyaline cartilage tissue	Q2-COP
anatomical_entity	UBERON:0002012	pulmonary artery	Q2-COP
anatomical_entity	UBERON:0002097	skin of body	Q2-COP
anatomical_entity	UBERON:0002107	liver	Q2-COP
anatomical_entity	UBERON:0002113	kidney	Q2-COP
anatomical_entity	UBERON:0002196	adenohypophysis	Q2-COP
anatomical_entity	UBERON:0002333	pulmonary trunk	Q2-COP
anatomical_entity	UBERON:0002465	lymphoid system	Q2-COP
anatomical_entity	UBERON:0003714	neural tissue	Q2-COP
anatomical_entity	UBERON:0004572	arterial system	Q2-COP
anatomical_entity	UBERON:0004785	respiratory system mucosa	Q2-COP
anatomical_entity	UBERON:0004816	larynx epithelium	Q2-COP
anatomical_entity	UBERON:0006558	lymphatic part of lymphoid system	Q2-COP
anatomical_entity	UBERON:0009564	distal limb integumentary appendage	Q2-COP
anatomical_entity	UBERON:0010996	articular cartilage of joint	Q2-COP
anatomical_entity	UBERON:6003624	adult brain	Q2-COP
phenotypic_feature	HP:0001622	premature birth	SME
phenotypic_feature	HP:0000140	Abnormality of the menstrual cycle	Q2
phenotypic_feature	HP:0001788	Premature rupture of membranes	Q2
phenotypic_feature	HP:0001824	Weight loss	Q2
phenotypic_feature	HP:0001891	Iron deficiency anemia	Q2
phenotypic_feature	HP:0001928	Abnormality of coagulation	Q2
phenotypic_feature	HP:0002017	Nausea and vomiting	Q2
phenotypic_feature	HP:0002093	Respiratory insufficiency	Q2
phenotypic_feature	HP:0002315	Headache	Q2
phenotypic_feature	HP:0002361	Psychomotor deterioration	Q2
phenotypic_feature	HP:0002486	Myotonia	Q2
phenotypic_feature	HP:0002486	Myotonia	Q2
phenotypic_feature	HP:0002486	Myotonia	Q2
phenotypic_feature	HP:0002686	Prenatal maternal abnormality	Q2
phenotypic_feature	HP:0002718	Recurrent bacterial infections	Q2
phenotypic_feature	HP:0003419	Low back pain	Q2
phenotypic_feature	HP:0004305	Involuntary movements	Q2
phenotypic_feature	HP:0004324	Increased body weight	Q2
phenotypic_feature	HP:0005420	Recurrent gram-negative bacterial infections	Q2
phenotypic_feature	HP:0005968	Temperature instability	Q2
phenotypic_feature	HP:0006535	Recurrent intrapulmonary hemorrhage	Q2
phenotypic_feature	HP:0006688	Paroxysmal tachycardia	Q2
phenotypic_feature	HP:0006963	0	Q2
phenotypic_feature	HP:0011848	Abdominal colic	Q2
phenotypic_feature	HP:0011891	Post-partum hemorrhage	Q2
phenotypic_feature	HP:0011947	Respiratory tract infection	Q2
phenotypic_feature	HP:0012531	Pain	Q2
phenotypic_feature	HP:0030369	Induced vaginal delivery	Q2
phenotypic_feature	HP:0030449	Therapeutic abortion	Q2
phenotypic_feature	HP:0030449	Therapeutic abortion	Q2
phenotypic_feature	HP:0030449	Therapeutic abortion	Q2
phenotypic_feature	HP:0100592	Peritoneal abscess	Q2
phenotypic_feature	HP:0100785	Insomnia	Q2
phenotypic_feature	HP:0100805	Precocious menopause	Q2
phenotypic_feature	HP:0012072	aciduria	Q2
disease	OMIM:100050	AARSKOG SYNDROME, AUTOSOMAL DOMINANT	Q1
disease	OMIM:100070	AORTIC ANEURYSM, FAMILIAL ABDOMINAL, 1; AAA1	Q1
disease	OMIM:100100	PRUNE BELLY SYNDROME; PBS	Q1
disease	OMIM:100200	ABDUCENS PALSY	Q1
disease	OMIM:100300	ADAMS-OLIVER SYNDROME 1; AOS1	Q1
disease	OMIM:100600	ACANTHOSIS NIGRICANS	Q1
disease	OMIM:100675	ACETAMINOPHEN METABOLISM	Q1
disease	OMIM:100700	ACHARD SYNDROME	Q1
disease	OMIM:100800	ACHONDROPLASIA; ACH	Q1
disease	OMIM:100820	ACHOO SYNDROME	Q1
disease	OMIM:101000	NEUROFIBROMATOSIS, TYPE II; NF2	Q1
disease	OMIM:101120	ACROCEPHALOPOLYSYNDACTYLY TYPE III	Q1
disease	OMIM:101200	APERT SYNDROME	Q1
disease	OMIM:101400	SAETHRE-CHOTZEN SYNDROME; SCS	Q1
disease	OMIM:101600	PFEIFFER SYNDROME	Q1
disease	OMIM:101800	ACRODYSOSTOSIS 1 WITH OR WITHOUT HORMONE RESISTANCE; ACRDYS1	Q1
disease	OMIM:101805	ACROFACIAL DYSOSTOSIS, CATANIA TYPE	Q1
disease	OMIM:101840	ACROKERATODERMA, HEREDITARY PAPULOTRANSLUCENT	Q1
disease	OMIM:101850	PALMOPLANTAR KERATODERMA, PUNCTATE TYPE III; PPKP3	Q1
disease	OMIM:101900	ACROKERATOSIS VERRUCIFORMIS; AKV	Q1
disease	OMIM:102000	ACROLEUKOPATHY, SYMMETRIC	Q1
disease	OMIM:102100	ACROMEGALOID CHANGES, CUTIS VERTICIS GYRATA, AND CORNEAL LEUKOMA	Q1
disease	OMIM:102150	ACROMEGALOID FACIAL APPEARANCE SYNDROME	Q1
disease	OMIM:102200	PITUITARY ADENOMA 1, MULTIPLE TYPES; PITA1	Q1
disease	OMIM:102300	RESTLESS LEGS SYNDROME, SUSCEPTIBILITY TO, 1; RLS1	Q1
disease	OMIM:102350	ACROMIAL DIMPLES	Q1
disease	OMIM:102370	ACROMICRIC DYSPLASIA; ACMICD	Q1
disease	OMIM:102400	ACROOSTEOLYSIS	Q1
disease	OMIM:102500	HAJDU-CHENEY SYNDROME; HJCYS	Q1
disease	OMIM:102510	ACROPECTOROVERTEBRAL DYSPLASIA; ACRPV	Q1
disease	OMIM:102520	ACRORENAL SYNDROME	Q1
disease	OMIM:102530	SPERMATOGENIC FAILURE 6; SPGF6	Q1
disease	OMIM:102590	ACYLASE, COBALT-ACTIVATED	Q1
disease	OMIM:102650	ADACTYLIA, UNILATERAL	Q1
disease	OMIM:102660	ADAMANTINOMA OF LONG BONES	Q1
disease	OMIM:102699	ADENO-ASSOCIATED VIRUS INTEGRATION SITE 1; AAVS1	Q1
disease	OMIM:102700	SEVERE COMBINED IMMUNODEFICIENCY, AUTOSOMAL RECESSIVE, T CELL-NEGATIVE, B CELL-NEGATIVE, NK CELL-NEGATIVE, DUE TO ADENOSINE DEAMINASE DEFICIENCY	Q1
disease	OMIM:102730	ADENOSINE DEAMINASE, ELEVATED, HEMOLYTIC ANEMIA DUE TO	Q1
disease	OMIM:102800	ADENOSINE TRIPHOSPHATASE DEFICIENCY, ANEMIA DUE TO	Q1
disease	OMIM:102900	ADENOSINE TRIPHOSPHATE, ELEVATED, OF ERYTHROCYTES	Q1
disease	OMIM:103050	ADENYLOSUCCINASE DEFICIENCY; ADSLD	Q1
disease	OMIM:103100	ADIE PUPIL	Q1
disease	OMIM:103200	ADIPOSIS DOLOROSA	Q1
disease	OMIM:103230	ADRENOCORTICAL HYPOFUNCTION, CHRONIC PRIMARY CONGENITAL	Q1
disease	OMIM:103285	ADULT SYNDROME	Q1
disease	OMIM:103300	HYPOGLOSSIA-HYPODACTYLIA	Q1
disease	OMIM:103400	AINHUM	Q1
disease	OMIM:103420	ALACRIMA, CONGENITAL, AUTOSOMAL DOMINANT	Q1
disease	OMIM:103470	ALBINISM, OCULAR, WITH SENSORINEURAL DEAFNESS	Q1
disease	OMIM:103500	TIETZ ALBINISM-DEAFNESS SYNDROME; TADS	Q1
disease	OMIM:103580	PSEUDOHYPOPARATHYROIDISM, TYPE IA; PHP1A	Q1
disease	OMIM:103780	ALCOHOL DEPENDENCE	Q1
disease	OMIM:103900	HYPERALDOSTERONISM, FAMILIAL, TYPE I; HALD1	Q1
disease	OMIM:103920	ALLERGIC BRONCHOPULMONARY ASPERGILLOSIS, FAMILIAL	Q1
disease	OMIM:104000	ALOPECIA AREATA 1; AA1	Q1
disease	OMIM:104100	PALMOPLANTAR KERATODERMA AND CONGENITAL ALOPECIA 1; PPKCA1	Q1
disease	OMIM:104110	ALOPECIA, FAMILIAL FOCAL; ALPF	Q1
disease	OMIM:104130	ALOPECIA, PSYCHOMOTOR EPILEPSY, PYORRHEA, AND MENTAL SUBNORMALITY	Q1
disease	OMIM:104200	ALPORT SYNDROME, AUTOSOMAL DOMINANT	Q1
disease	OMIM:104290	ALTERNATING HEMIPLEGIA OF CHILDHOOD 1; AHC1	Q1
disease	OMIM:104300	ALZHEIMER DISEASE; AD	Q1
disease	OMIM:104310	ALZHEIMER DISEASE 2; AD2	Q1
disease	OMIM:104350	AMASTIA, BILATERAL, WITH URETERAL TRIPLICATION AND DYSMORPHISM	Q1
disease	OMIM:104400	AMELIA AND TERMINAL TRANSVERSE HEMIMELIA	Q1
disease	OMIM:104500	AMELOGENESIS IMPERFECTA, TYPE IB; AI1B	Q1
disease	OMIM:104510	AMELOGENESIS IMPERFECTA, TYPE IV; AI4	Q1
disease	OMIM:104530	AMELOGENESIS IMPERFECTA, TYPE IA; AI1A	Q1
disease	OMIM:104570	AMELOONYCHOHYPOHIDROTIC SYNDROME	Q1
disease	OMIM:104600	AMENORRHEA-GALACTORRHEA SYNDROME	Q1
disease	OMIM:105120	AMYLOIDOSIS, FINNISH TYPE	Q1
disease	OMIM:105150	CEREBRAL AMYLOID ANGIOPATHY, CST3-RELATED	Q1
disease	OMIM:105200	AMYLOIDOSIS, FAMILIAL VISCERAL	Q1
disease	OMIM:105210	AMYLOIDOSIS, HEREDITARY, TRANSTHYRETIN-RELATED	Q1
disease	OMIM:105250	AMYLOIDOSIS, PRIMARY LOCALIZED CUTANEOUS, 1; PLCA1	Q1
disease	OMIM:105300	AMYOTROPHIC DYSTONIC PARAPLEGIA	Q1
disease	OMIM:105400	AMYOTROPHIC LATERAL SCLEROSIS 1; ALS1	Q1
disease	OMIM:105500	AMYOTROPHIC LATERAL SCLEROSIS-PARKINSONISM/DEMENTIA COMPLEX 1	Q1
disease	OMIM:105550	FRONTOTEMPORAL DEMENTIA AND/OR AMYOTROPHIC LATERAL SCLEROSIS 1; FTDALS1	Q1
disease	OMIM:105563	ANAL SPHINCTER DYSPLASIA; ASDP	Q1
disease	OMIM:105565	ANAL SPHINCTER MYOPATHY, INTERNAL	Q1
disease	OMIM:105570	ANDROSTENONE, ABILITY TO SMELL	Q1
disease	OMIM:105580	ANAL CANAL CARCINOMA	Q1
disease	OMIM:105600	ANEMIA, CONGENITAL DYSERYTHROPOIETIC, TYPE III; CDAN3	Q1
disease	OMIM:105650	DIAMOND-BLACKFAN ANEMIA 1; DBA1	Q1
disease	OMIM:105800	ANEURYSM, INTRACRANIAL BERRY, 1; ANIB1	Q1
disease	OMIM:105805	ANEURYSM OF INTERVENTRICULAR SEPTUM	Q1
disease	OMIM:105830	ANGELMAN SYNDROME; AS	Q1
disease	OMIM:105835	ANGEL-SHAPED PHALANGOEPIPHYSEAL DYSPLASIA; ASPED	Q1
disease	OMIM:106050	ANGIOMA SERPIGINOSUM, AUTOSOMAL DOMINANT	Q1
disease	OMIM:106070	ANGIOMA, HEREDITARY NEUROCUTANEOUS	Q1
disease	OMIM:106100	ANGIOEDEMA, HEREDITARY, TYPE I; HAE1	Q1
disease	OMIM:106190	ANHIDROSIS, ISOLATED, WITH NORMAL SWEAT GLANDS; ANHD	Q1
disease	OMIM:106210	ANIRIDIA 1; AN1	Q1
disease	OMIM:106220	ANIRIDIA AND ABSENT PATELLA	Q1
disease	OMIM:106230	ANIRIDIA, MICROCORNEA, AND SPONTANEOUSLY REABSORBED CATARACT	Q1
disease	OMIM:106240	ANISOCORIA	Q1
disease	OMIM:106250	ANKYLOBLEPHARON FILIFORME ADNATUM AND CLEFT PALATE; AFA	Q1
disease	OMIM:106260	ANKYLOBLEPHARON-ECTODERMAL DEFECTS-CLEFT LIP/PALATE	Q1
disease	OMIM:106280	ANKYLOGLOSSIA	Q1
disease	OMIM:106300	SPONDYLOARTHROPATHY, SUSCEPTIBILITY TO, 1; SPDA1	Q1
disease	OMIM:106400	ANKYLOSING VERTEBRAL HYPEROSTOSIS WITH TYLOSIS	Q1
disease	OMIM:106500	ANNULAR ERYTHEMA	Q1
disease	OMIM:106600	TOOTH AGENESIS, SELECTIVE, 1; STHAG1	Q1
disease	OMIM:106700	TOTAL ANOMALOUS PULMONARY VENOUS RETURN 1; TAPVR1	Q1
disease	OMIM:106750	ANONYCHIA WITH FLEXURAL PIGMENTATION	Q1
disease	OMIM:106900	ANONYCHIA-ECTRODACTYLY	Q1
disease	OMIM:106990	ANONYCHIA-ONYCHODYSTROPHY WITH BRACHYDACTYLY TYPE B AND ECTRODACTYLY	Q1
disease	OMIM:106995	ANONYCHIA-ONYCHODYSTROPHY WITH HYPOPLASIA OR ABSENCE OF DISTAL PHALANGES	Q1
disease	OMIM:107000	NAIL DISORDER, NONSYNDROMIC CONGENITAL, 6; NDNC6	Q1
disease	OMIM:107100	ANORECTAL ANOMALIES	Q1
disease	OMIM:107200	ANOSMIA, ISOLATED CONGENITAL; ANIC	Q1
disease	OMIM:107250	ANTERIOR SEGMENT DYSGENESIS 1; ASGD1	Q1
disease	OMIM:107290	ANTIPYRINE METABOLISM	Q1
disease	OMIM:107320	ANTIPHOSPHOLIPID SYNDROME, FAMILIAL	Q1
disease	OMIM:107410	SERPIN PEPTIDASE INHIBITOR, CLADE A, MEMBER 2, PSEUDOGENE; SERPINA2P	Q1
disease	OMIM:107440	ANTIVIRAL STATE REPRESSOR, REGULATOR OF; AVRR	Q1
disease	OMIM:107480	TOWNES-BROCKS SYNDROME 1; TBS1	Q1
disease	OMIM:107500	AORTIC ARCH ANOMALY WITH PECULIAR FACIES AND MENTAL RETARDATION	Q1
disease	OMIM:107550	AORTIC ARCH INTERRUPTION, FACIAL PALSY, AND RETINAL COLOBOMA	Q1
disease	OMIM:107600	APLASIA CUTIS CONGENITA, NONSYNDROMIC; ACC	Q1
disease	OMIM:107640	APNEA, CENTRAL SLEEP	Q1
disease	OMIM:107650	APNEA, OBSTRUCTIVE SLEEP	Q1
disease	OMIM:107700	APPENDICITIS, PRONENESS TO	Q1
disease	OMIM:107750	ARBITRARY RESTRICTION POLYMORPHISM 1	Q1
disease	OMIM:107800	ARCUS CORNEAE	Q1
disease	OMIM:107850	ARM FOLDING PREFERENCE	Q1
disease	OMIM:107900	ARMS, MALFORMATION OF	Q1
disease	OMIM:107920	AROMATIC ALPHA-KETO ACID REDUCTASE	Q1
disease	OMIM:107970	ARRHYTHMOGENIC RIGHT VENTRICULAR DYSPLASIA, FAMILIAL, 1; ARVD1	Q1
disease	OMIM:108000	ARTERIES, ANOMALIES OF	Q1
disease	OMIM:108010	ARTERIOVENOUS MALFORMATIONS OF THE BRAIN	Q1
disease	OMIM:108050	ARTERITIS, FAMILIAL GRANULOMATOUS, WITH JUVENILE POLYARTHRITIS	Q1
disease	OMIM:108100	ARTHRITIS, SACROILIAC	Q1
disease	OMIM:108120	ARTHROGRYPOSIS, DISTAL, TYPE 1A; DA1A	Q1
disease	OMIM:108145	ARTHROGRYPOSIS, DISTAL, TYPE 5; DA5	Q1
disease	OMIM:108200	ARTHROGRYPOSIS, DISTAL, TYPE 6; DA6	Q1
disease	OMIM:108300	STICKLER SYNDROME, TYPE I; STL1	Q1
disease	OMIM:108320	ARTICHOKE, MODIFICATION OF TASTE BY	Q1
disease	OMIM:108340	ARYL HYDROCARBON HYDROXYLASE INDUCIBILITY	Q1
disease	OMIM:108390	ASPARAGUS, SPECIFIC SMELL HYPERSENSITIVITY	Q1
disease	OMIM:108420	SPERMATOGENIC FAILURE 2; SPGF2	Q1
disease	OMIM:108450	ASYMMETRIC SHORT STATURE SYNDROME	Q1
disease	OMIM:108500	EPISODIC ATAXIA, TYPE 2; EA2	Q1
disease	OMIM:108600	SPASTIC ATAXIA 1, AUTOSOMAL DOMINANT; SPAX1	Q1
disease	OMIM:108650	SPASTIC ATAXIA 7, AUTOSOMAL DOMINANT; SPAX7	Q1
disease	OMIM:108700	ATAXIA WITH FASCICULATIONS	Q1
disease	OMIM:108720	ATELOSTEOGENESIS, TYPE I; AO1	Q1
disease	OMIM:108721	ATELOSTEOGENESIS, TYPE III; AO3	Q1
disease	OMIM:108725	ATHEROSCLEROSIS SUSCEPTIBILITY; ATHS	Q1
disease	OMIM:108760	ATRESIA OF EXTERNAL AUDITORY CANAL AND CONDUCTIVE DEAFNESS	Q1
disease	OMIM:108770	ATRIAL STANDSTILL 1; ATRST1	Q1
disease	OMIM:108800	ATRIAL SEPTAL DEFECT 1; ASD1	Q1
disease	OMIM:108900	ATRIAL SEPTAL DEFECT 7 WITH OR WITHOUT ATRIOVENTRICULAR CONDUCTION DEFECTS; ASD7	Q1
disease	OMIM:108950	ATRIAL TACHYARRHYTHMIA WITH SHORT PR INTERVAL	Q1
disease	OMIM:108980	PR INTERVAL, VARIATION IN	Q1
disease	OMIM:108985	SVEINSSON CHORIORETINAL ATROPHY; SCRA	Q1
disease	OMIM:109000	AURICULOOSTEODYSPLASIA	Q1
disease	OMIM:109050	AUROCEPHALOSYNDACTYLY	Q1
disease	OMIM:109100	AUTOIMMUNE DISEASE	Q1
disease	OMIM:109120	AXENFELD-RIEGER ANOMALY WITH PARTIALLY ABSENT EYE MUSCLES, DISTINCTIVE FACE, HYDROCEPHALY, AND SKELETAL ABNORMALITIES	Q1
disease	OMIM:109130	AXIAL OSTEOMALACIA	Q1
disease	OMIM:109150	MACHADO-JOSEPH DISEASE; MJD	Q1
disease	OMIM:109160	AZOTEMIA, FAMILIAL	Q1
disease	OMIM:109180	BABOON M7 VIRUS INTEGRATION SITE; BEVI	Q1
disease	OMIM:109200	ALOPECIA, ANDROGENETIC, 1; AGA1	Q1
disease	OMIM:109300	BANKI SYNDROME	Q1
disease	OMIM:109350	GASTROESOPHAGEAL REFLUX; GER	Q1
disease	OMIM:109400	BASAL CELL NEVUS SYNDROME; BCNS	Q1
disease	OMIM:109500	BASILAR IMPRESSION, PRIMARY	Q1
disease	OMIM:109540	B-CELL GROWTH FACTOR; BCGF	Q1
disease	OMIM:109543	LEUKEMIA, CHRONIC LYMPHOCYTIC, SUSCEPTIBILITY TO, 2	Q1
disease	OMIM:109600	BEETURIA	Q1
disease	OMIM:109650	BEHCET SYNDROME	Q1
disease	OMIM:109660	BETA-AMINO ACIDS, RENAL TRANSPORT OF; AABT	Q1
disease	OMIM:109670	BETA-ADRENERGIC STIMULATION, RESPONSE TO; BAS	Q1
disease	OMIM:109720	BILIARY CIRRHOSIS, PRIMARY, 1; PBC1	Q1
disease	OMIM:109730	AORTIC VALVE DISEASE 1; AOVD1	Q1
disease	OMIM:109740	BIFID NOSE, AUTOSOMAL DOMINANT	Q1
disease	OMIM:109800	BLADDER CANCER	Q1
disease	OMIM:109820	BLADDER DIVERTICULUM	Q1
disease	OMIM:109900	BLEPHAROCHALASIS AND DOUBLE LIP	Q1
disease	OMIM:110000	BLEPHAROCHALASIS, SUPERIOR	Q1
disease	OMIM:110050	BLEPHARONASOFACIAL MALFORMATION SYNDROME	Q1
disease	OMIM:110100	BLEPHAROPHIMOSIS, PTOSIS, AND EPICANTHUS INVERSUS; BPES	Q1
disease	OMIM:110150	BLEPHAROPTOSIS, MYOPIA, AND ECTOPIA LENTIS	Q1
disease	OMIM:110250	BLOOD GROUP--ABO SUPPRESSOR	Q1
disease	OMIM:110310	BLOOD GROUP--ABH ANTIGEN, TYPE 2	Q1
disease	OMIM:110350	BLOOD GROUP--AHONEN; AN	Q1
disease	OMIM:110450	BLOOD GROUP--COLTON; CO	Q1
disease	OMIM:110500	BLOOD GROUP--DIEGO SYSTEM; DI	Q1
disease	OMIM:110700	BLOOD GROUP, DUFFY SYSTEM; FY	Q1
disease	OMIM:110720	BLOOD GROUP--En	Q1
disease	OMIM:110800	BLOOD GROUP, I SYSTEM; Ii	Q1
disease	OMIM:110900	BLOOD GROUP--KELL SYSTEM; KEL	Q1
disease	OMIM:111000	BLOOD GROUP--KIDD SYSTEM; JK	Q1
disease	OMIM:111130	BLOOD GROUP--LKE; LKE	Q1
disease	OMIM:111150	BLOOD GROUP--LUTHERAN INHIBITOR; INLU	Q1
disease	OMIM:111200	BLOOD GROUP--LUTHERAN SYSTEM; LU	Q1
disease	OMIM:111250	BLOOD GROUP SYSTEM, LANDSTEINER-WIENER; LW	Q1
disease	OMIM:111360	BLOOD GROUP--NEWFOUNDLAND; NFLD	Q1
disease	OMIM:111380	BLOOD GROUP--OK; OK	Q1
disease	OMIM:111400	BLOOD GROUP, P1PK SYSTEM	Q1
disease	OMIM:111500	BLOOD GROUP--PRIVATE SYSTEMS	Q1
disease	OMIM:111600	BLOOD GROUP, LANGEREIS SYSTEM; LAN	Q1
disease	OMIM:111620	RADIN BLOOD GROUP ANTIGEN; RD	Q1
disease	OMIM:111690	BLOOD GROUP--RHESUS SYSTEM E POLYPEPTIDE; RHE	Q1
disease	OMIM:111750	BLOOD GROUP--SCIANNA SYSTEM; SC	Q1
disease	OMIM:111800	BLOOD GROUP--STOLTZFUS SYSTEM; Sf	Q1
disease	OMIM:112000	BLOOD GROUP--Ul SYSTEM; UL	Q1
disease	OMIM:112010	BLOOD GROUP--WALDNER TYPE; WD	Q1
disease	OMIM:112050	BLOOD GROUP--WRIGHT ANTIGEN; WR	Q1
disease	OMIM:112100	YT BLOOD GROUP ANTIGEN	Q1
disease	OMIM:112200	BLUE RUBBER BLEB NEVUS	Q1
disease	OMIM:112240	COLE-CARPENTER SYNDROME 1; CLCRP1	Q1
disease	OMIM:112250	DIAPHYSEAL MEDULLARY STENOSIS WITH MALIGNANT FIBROUS HISTIOCYTOMA; DMSMFH	Q1
disease	OMIM:112270	BONE PAIN, PERIODIC	Q1
disease	OMIM:112300	BOOK SYNDROME	Q1
disease	OMIM:112310	BOOMERANG DYSPLASIA	Q1
disease	OMIM:112350	WEISMANN-NETTER SYNDROME; WNS	Q1
disease	OMIM:112370	BRACHMANN-DE LANGE-LIKE FACIAL CHANGES WITH MICROCEPHALY, METATARSUS ADDUCTUS, AND DEVELOPMENTAL DELAY	Q1
disease	OMIM:112410	HYPERTENSION AND BRACHYDACTYLY SYNDROME; HTNB	Q1
disease	OMIM:112430	LONG-THUMB BRACHYDACTYLY SYNDROME	Q1
disease	OMIM:112440	BRACHYDACTYLY, COMBINED B AND E TYPES	Q1
disease	OMIM:112450	BRACHYDACTYLY, PREAXIAL, WITH HALLUX VARUS AND THUMB ABDUCTION	Q1
disease	OMIM:112500	BRACHYDACTYLY, TYPE A1; BDA1	Q1
disease	OMIM:112600	BRACHYDACTYLY, TYPE A2; BDA2	Q1
disease	OMIM:112700	BRACHYDACTYLY, TYPE A3; BDA3	Q1
disease	OMIM:112800	BRACHYDACTYLY, TYPE A4; BDA4	Q1
disease	OMIM:112910	OSEBOLD-REMONDINI SYNDROME	Q1
disease	OMIM:113000	BRACHYDACTYLY, TYPE B1; BDB1	Q1
disease	OMIM:113100	BRACHYDACTYLY, TYPE C; BDC	Q1
disease	OMIM:113200	BRACHYDACTYLY, TYPE D; BDD	Q1
disease	OMIM:113300	BRACHYDACTYLY, TYPE E1; BDE1	Q1
disease	OMIM:113301	BRACHYDACTYLY, TYPE E, WITH ATRIAL SEPTAL DEFECT, TYPE II	Q1
disease	OMIM:113310	BRACHYDACTYLY-ECTRODACTYLY WITH FIBULAR APLASIA OR HYPOPLASIA	Q1
disease	OMIM:113400	BRACHYDACTYLY-NYSTAGMUS-CEREBELLAR ATAXIA	Q1
disease	OMIM:113450	BRACHYDACTYLY-DISTAL SYMPHALANGISM SYNDROME	Q1
disease	OMIM:113470	BRACHYMESOMELIA-RENAL SYNDROME	Q1
disease	OMIM:113475	BRACHYMETATARSUS IV	Q1
disease	OMIM:113477	BRACHYMORPHISM-ONYCHODYSPLASIA-DYSPHALANGISM SYNDROME	Q1
disease	OMIM:113480	BRACHYTELEPHALANGY WITH CHARACTERISTIC FACIES AND KALLMANN SYNDROME	Q1
disease	OMIM:113500	BRACHYOLMIA TYPE 3; BCYM3	Q1
disease	OMIM:113600	BRANCHIAL CLEFT ANOMALIES	Q1
disease	OMIM:113610	BRANCHIAL MYOCLONUS WITH SPASTIC PARAPARESIS AND CEREBELLAR ATAXIA	Q1
disease	OMIM:113620	BRANCHIOOCULOFACIAL SYNDROME; BOFS	Q1
disease	OMIM:113650	BRANCHIOOTORENAL SYNDROME 1; BOR1	Q1
disease	OMIM:113670	HYPERTROPHY OF THE BREAST, JUVENILE; JHB	Q1
disease	OMIM:113700	BREASTS AND/OR NIPPLES, APLASIA OR HYPOPLASIA OF, 1; BNAH1	Q1
disease	OMIM:113750	ALBINISM, OCULOCUTANEOUS, TYPE VI; OCA6	Q1
disease	OMIM:113800	EPIDERMOLYTIC HYPERKERATOSIS; EHK	Q1
disease	OMIM:113900	PROGRESSIVE FAMILIAL HEART BLOCK, TYPE IA; PFHB1A	Q1
disease	OMIM:113950	BUNDLE BRANCH BLOCK, FAMILIAL ISOLATED COMPLETE RIGHT	Q1
disease	OMIM:113960	BUTYRYLESTERASE 1	Q1
disease	OMIM:113970	BURKITT LYMPHOMA; BL	Q1
disease	OMIM:114000	CAFFEY DISEASE	Q1
disease	OMIM:114030	CAFE-AU-LAIT SPOTS, MULTIPLE	Q1
disease	OMIM:114065	CALCIFIC AORTIC DISEASE WITH IMMUNOLOGIC ABNORMALITIES, FAMILIAL	Q1
disease	OMIM:114100	BASAL GANGLIA CALCIFICATION, IDIOPATHIC, CHILDHOOD-ONSET	Q1
disease	OMIM:114140	CALLOSITIES, HEREDITARY PAINFUL	Q1
disease	OMIM:114150	CAMPTOBRACHYDACTYLY	Q1
disease	OMIM:114200	CAMPTODACTYLY 1; CAMPD1	Q1
disease	OMIM:114290	CAMPOMELIC DYSPLASIA	Q1
disease	OMIM:114300	ARTHROGRYPOSIS, DISTAL, TYPE 3; DA3	Q1
disease	OMIM:114450	CANCER, FAMILIAL, WITH IN VITRO RADIORESISTANCE	Q1
disease	OMIM:114480	BREAST CANCER	Q1
disease	OMIM:114500	COLORECTAL CANCER; CRC	Q1
disease	OMIM:114550	HEPATOCELLULAR CARCINOMA	Q1
disease	OMIM:114580	CANDIDIASIS, FAMILIAL, 1; CANDF1	Q1
disease	OMIM:114600	CANINE TEETH, ABSENCE OF UPPER PERMANENT	Q1
disease	OMIM:114620	CRANIOFACIOFRONTODIGITAL SYNDROME	Q1
disease	OMIM:114650	CAR FACTOR DEFICIENCY	Q1
disease	OMIM:114700	CARABELLI ANOMALY OF MAXILLARY MOLAR TEETH	Q1
disease	OMIM:114900	CARCINOID TUMORS, INTESTINAL	Q1
disease	OMIM:115000	CARDIAC ARRHYTHMIA	Q1
disease	OMIM:115080	CARDIAC CONDUCTION DEFECT	Q1
disease	OMIM:115150	CARDIOFACIOCUTANEOUS SYNDROME 1; CFC1	Q1
disease	OMIM:115195	CARDIOMYOPATHY, FAMILIAL HYPERTROPHIC, 2; CMH2	Q1
disease	OMIM:115196	CARDIOMYOPATHY, FAMILIAL HYPERTROPHIC, 3; CMH3	Q1
disease	OMIM:115197	CARDIOMYOPATHY, FAMILIAL HYPERTROPHIC, 4; CMH4	Q1
disease	OMIM:115200	CARDIOMYOPATHY, DILATED, 1A; CMD1A	Q1
disease	OMIM:115210	CARDIOMYOPATHY, FAMILIAL RESTRICTIVE, 1; RCM1	Q1
disease	OMIM:115250	COLLAGENOMA, FAMILIAL CUTANEOUS	Q1
disease	OMIM:115300	HYPERCAROTENEMIA AND VITAMIN A DEFICIENCY, AUTOSOMAL DOMINANT	Q1
disease	OMIM:115310	PARAGANGLIOMAS 4; PGL4	Q1
disease	OMIM:115400	CARPAL DISPLACEMENT	Q1
disease	OMIM:115430	CARPAL TUNNEL SYNDROME; CTS1	Q1
disease	OMIM:115470	CAT EYE SYNDROME; CES	Q1
disease	OMIM:115645	CATARACT, ABERRANT ORAL FRENULA, AND GROWTH RETARDATION	Q1
disease	OMIM:115650	CATARACT 32, MULTIPLE TYPES; CTRCT32	Q1
disease	OMIM:115660	CATARACT 7; CTRCT7	Q1
disease	OMIM:115665	CATARACT 8, MULTIPLE TYPES; CTRCT8	Q1
disease	OMIM:115700	CATARACT 4, MULTIPLE TYPES; CTRCT4	Q1
disease	OMIM:115800	CATARACT 29; CTRCT29	Q1
disease	OMIM:115900	CATARACT 42; CTRCT42	Q1
disease	OMIM:116100	CATARACT 20, MULTIPLE TYPES; CTRCT20	Q1
disease	OMIM:116200	CATARACT 1, MULTIPLE TYPES; CTRCT1	Q1
disease	OMIM:116300	CATARACT 30, MULTIPLE TYPES; CTRCT30	Q1
disease	OMIM:116400	CATARACT 41; CTRCT41	Q1
disease	OMIM:116600	CATARACT 6, MULTIPLE TYPES; CTRCT6	Q1
disease	OMIM:116700	CATARACT 13 WITH ADULT i PHENOTYPE; CTRCT13	Q1
disease	OMIM:116800	CATARACT 5, MULTIPLE TYPES; CTRCT5	Q1
disease	OMIM:116850	CATATRICHY	Q1
disease	OMIM:116860	CEREBRAL CAVERNOUS MALFORMATIONS; CCM	Q1
disease	OMIM:116870	CELIAC ARTERY STENOSIS FROM COMPRESSION BY MEDIAN ARCUATE LIGAMENT OF DIAPHRAGM	Q1
disease	OMIM:116920	LEUKOCYTE ADHESION DEFICIENCY, TYPE I; LAD	Q1
disease	OMIM:116950	TEMPERATURE-SENSITIVE AF8 COMPLEMENT; AF8T	Q1
disease	OMIM:117000	CENTRAL CORE DISEASE OF MUSCLE; CCD	Q1
disease	OMIM:117100	CENTRALOPATHIC EPILEPSY	Q1
disease	OMIM:117210	SPINOCEREBELLAR ATAXIA 31; SCA31	Q1
disease	OMIM:117300	CEREBRAL AMYLOID ANGIOPATHY, ITM2B-RELATED, 2	Q1
disease	OMIM:117360	SPINOCEREBELLAR ATAXIA 29; SCA29	Q1
disease	OMIM:117550	SOTOS SYNDROME 1; SOTOS1	Q1
disease	OMIM:117600	CEREBRAL SARCOMA	Q1
disease	OMIM:117650	CEREBROCOSTOMANDIBULAR SYNDROME; CCMS	Q1
disease	OMIM:117800	APOCRINE GLAND SECRETION, VARIATION IN	Q1
disease	OMIM:117850	CERVICAL HYPERTRICHOSIS WITH UNDERLYING KYPHOSCOLIOSIS	Q1
disease	OMIM:117900	CERVICAL RIB	Q1
disease	OMIM:118000	CERVICAL VERTEBRAL BRIDGE	Q1
disease	OMIM:118005	CERVICAL VERTEBRAL DYSPLASIA	Q1
disease	OMIM:118100	KLIPPEL-FEIL SYNDROME 1, AUTOSOMAL DOMINANT; KFS1	Q1
disease	OMIM:118200	CHARCOT-MARIE-TOOTH DISEASE, DEMYELINATING, TYPE 1B; CMT1B	Q1
disease	OMIM:118210	CHARCOT-MARIE-TOOTH DISEASE, AXONAL, TYPE 2A1; CMT2A1	Q1
disease	OMIM:118220	CHARCOT-MARIE-TOOTH DISEASE, DEMYELINATING, TYPE 1A; CMT1A	Q1
disease	OMIM:118230	CHARCOT-MARIE-TOOTH DISEASE, GUADALAJARA NEURONAL TYPE	Q1
disease	OMIM:118300	CHARCOT-MARIE-TOOTH DISEASE AND DEAFNESS	Q1
disease	OMIM:118301	CHARCOT-MARIE-TOOTH DISEASE WITH PTOSIS AND PARKINSONISM	Q1
disease	OMIM:118330	CHEILITIS GLANDULARIS	Q1
disease	OMIM:118350	CHEMODECTOMA, INTRAABDOMINAL, WITH CUTANEOUS ANGIOLIPOMAS	Q1
disease	OMIM:118400	CHERUBISM	Q1
disease	OMIM:118420	CHIARI MALFORMATION TYPE I	Q1
disease	OMIM:118430	CHLORPROPAMIDE-ALCOHOL FLUSHING; CPAF	Q1
disease	OMIM:118450	ALAGILLE SYNDROME 1; ALGS1	Q1
disease	OMIM:118600	CHONDROCALCINOSIS 2; CCAL2	Q1
disease	OMIM:118610	CHONDROCALCINOSIS DUE TO APATITE CRYSTAL DEPOSITION	Q1
disease	OMIM:118650	CHONDRODYSPLASIA PUNCTATA, AUTOSOMAL DOMINANT	Q1
disease	OMIM:118651	CHONDRODYSPLASIA PUNCTATA, TIBIA-METACARPAL TYPE	Q1
disease	OMIM:118670	CHONDRONECTIN	Q1
disease	OMIM:118700	CHOREA, BENIGN HEREDITARY; BHC	Q1
disease	OMIM:118750	CHOREOATHETOSIS, FAMILIAL INVERTED	Q1
disease	OMIM:118800	PAROXYSMAL NONKINESIGENIC DYSKINESIA 1; PNKD1	Q1
disease	OMIM:118830	CHYLOMICRONEMIA, FAMILIAL, DUE TO CIRCULATING INHIBITOR OF LIPOPROTEIN LIPASE	Q1
disease	OMIM:118840	CHROMATE RESISTANCE; CHR	Q1
disease	OMIM:118865	CHOROIDAL OSTEOMA, BILATERAL	Q1
disease	OMIM:118900	CIRRHOSIS, FAMILIAL	Q1
disease	OMIM:118943	CHYMOSIN PSEUDOGENE; CYMP	Q1
disease	OMIM:118980	CLAVICLE, PSEUDARTHROSIS OF, CONGENITAL	Q1
disease	OMIM:119000	CLEFT CHIN	Q1
disease	OMIM:119100	SPLIT-HAND/FOOT MALFORMATION WITH LONG BONE DEFICIENCY 1; SHFLD1	Q1
disease	OMIM:119300	VAN DER WOUDE SYNDROME 1; VWS1	Q1
disease	OMIM:119500	POPLITEAL PTERYGIUM SYNDROME; PPS	Q1
disease	OMIM:119530	OROFACIAL CLEFT 1; OFC1	Q1
disease	OMIM:119540	CLEFT PALATE, ISOLATED; CPI	Q1
disease	OMIM:119550	SYNGNATHIA	Q1
disease	OMIM:119570	CLEFT SOFT PALATE	Q1
disease	OMIM:119580	BLEPHAROCHEILODONTIC SYNDROME 1; BCDS1	Q1
disease	OMIM:119600	CLEIDOCRANIAL DYSPLASIA; CCD	Q1
disease	OMIM:119650	CLEIDORHIZOMELIC SYNDROME	Q1
disease	OMIM:119800	CLUBFOOT, CONGENITAL, WITH OR WITHOUT DEFICIENCY OF LONG BONES AND/OR MIRROR-IMAGE POLYDACTYLY; CCF	Q1
disease	OMIM:119900	DIGITAL CLUBBING, ISOLATED CONGENITAL	Q1
disease	OMIM:119915	CLUSTER HEADACHE, FAMILIAL	Q1
disease	OMIM:120000	COARCTATION OF AORTA	Q1
disease	OMIM:120040	COCHLEOSACCULAR DEGENERATION WITH PROGRESSIVE CATARACTS	Q1
disease	OMIM:120050	COXSACKIEVIRUS B3 SUSCEPTIBILITY; CXB3S	Q1
disease	OMIM:120080	COLCHICINE RESISTANCE	Q1
disease	OMIM:120100	FAMILIAL COLD AUTOINFLAMMATORY SYNDROME 1; FCAS1	Q1
disease	OMIM:120200	COLOBOMA, OCULAR, AUTOSOMAL DOMINANT	Q1
disease	OMIM:120300	COLOBOMA OF MACULA	Q1
disease	OMIM:120330	PAPILLORENAL SYNDROME; PAPRS	Q1
disease	OMIM:120400	COLOBOMA OF MACULA WITH TYPE B BRACHYDACTYLY	Q1
disease	OMIM:120430	COLOBOMA OF OPTIC NERVE	Q1
disease	OMIM:120433	COLOBOMA, OCULAR, WITH OR WITHOUT HEARING IMPAIRMENT, CLEFT LIP/PALATE, AND/OR MENTAL RETARDATION; COB1	Q1
disease	OMIM:120435	LYNCH SYNDROME I	Q1
disease	OMIM:120440	COLONIC VARICES WITHOUT PORTAL HYPERTENSION	Q1
disease	OMIM:120450	COMEDONES, FAMILIAL DYSKERATOTIC	Q1
disease	OMIM:120500	COMMISSURAL LIP PITS	Q1
disease	OMIM:120502	BRANCHIOOTIC SYNDROME 2	Q1
disease	OMIM:120790	COMPLEMENT COMPONENT 4, PARTIAL DEFICIENCY OF	Q1
disease	OMIM:120970	CONE-ROD DYSTROPHY 2; CORD2	Q1
disease	OMIM:121050	ARTHROGRYPOSIS, DISTAL, TYPE 9; DA9	Q1
disease	OMIM:121070	ARTHROGRYPOSIS, DISTAL, TYPE 2E	Q1
disease	OMIM:121200	SEIZURES, BENIGN FAMILIAL NEONATAL, 1; BFNS1	Q1
disease	OMIM:121201	SEIZURES, BENIGN FAMILIAL NEONATAL, 2; BFNS2	Q1
disease	OMIM:121210	FEBRILE SEIZURES, FAMILIAL, 1; FEB1	Q1
disease	OMIM:121270	COPPER DEFICIENCY, FAMILIAL BENIGN	Q1
disease	OMIM:121300	COPROPORPHYRIA, HEREDITARY; HCP	Q1
disease	OMIM:121350	CORACOCLAVICULAR JOINT, ANOMALOUS	Q1
disease	OMIM:121390	CORNEA GUTTATA WITH ANTERIOR POLAR CATARACTS	Q1
disease	OMIM:121400	CORNEA PLANA 1, AUTOSOMAL DOMINANT; CNA1	Q1
disease	OMIM:121450	CORNEAL DEGENERATION, RIBBONLIKE, WITH DEAFNESS	Q1
disease	OMIM:121800	SCHNYDER CORNEAL DYSTROPHY; SCCD	Q1
disease	OMIM:121820	CORNEAL DYSTROPHY, EPITHELIAL BASEMENT MEMBRANE; EBMD	Q1
disease	OMIM:121850	CORNEAL DYSTROPHY, FLECK	Q1
disease	OMIM:121900	CORNEAL DYSTROPHY, GROENOUW TYPE I; CDGG1	Q1
disease	OMIM:122000	CORNEAL DYSTROPHY, POSTERIOR POLYMORPHOUS, 1; PPCD1	Q1
disease	OMIM:122100	CORNEAL DYSTROPHY, MEESMANN; MECD	Q1
disease	OMIM:122200	CORNEAL DYSTROPHY, LATTICE TYPE I; LCD1	Q1
disease	OMIM:122400	EPITHELIAL RECURRENT EROSION DYSTROPHY; ERED	Q1
disease	OMIM:122430	CORNEAL HYPESTHESIA WITH RETINAL ABNORMALITIES, SENSORINEURAL DEAFNESS, UNUSUAL FACIES, PERSISTENT DUCTUS ARTERIOSUS, AND MENTAL RETARDATION	Q1
disease	OMIM:122440	CORNEODERMATOOSSEOUS SYNDROME	Q1
disease	OMIM:122450	CORNEAL HYPESTHESIA, FAMILIAL	Q1
disease	OMIM:122455	CORONARY ARTERY DISSECTION, SPONTANEOUS	Q1
disease	OMIM:122460	HUMAN CORONAVIRUS SENSITIVITY; HCVS	Q1
disease	OMIM:122470	CORNELIA DE LANGE SYNDROME 1; CDLS1	Q1
disease	OMIM:122550	CORTICOSTERONE SIDE-CHAIN ISOMERASE; CSCI	Q1
disease	OMIM:122580	COSTOCORACOID LIGAMENT, CONGENITALLY SHORT	Q1
disease	OMIM:122600	SPONDYLOCOSTAL DYSOSTOSIS 5; SCDO5	Q1
disease	OMIM:122700	COUMARIN RESISTANCE	Q1
disease	OMIM:122750	COXA VARA	Q1
disease	OMIM:122780	COXOAURICULAR SYNDROME	Q1
disease	OMIM:122850	CRANIOACROFACIAL SYNDROME	Q1
disease	OMIM:122860	CRANIODIAPHYSEAL DYSPLASIA, AUTOSOMAL DOMINANT; CDD	Q1
disease	OMIM:122880	CRANIOFACIAL-DEAFNESS-HAND SYNDROME; CDHS	Q1
disease	OMIM:122900	CRANIOFACIAL DYSOSTOSIS WITH DIAPHYSEAL HYPERPLASIA	Q1
disease	OMIM:123000	CRANIOMETAPHYSEAL DYSPLASIA, AUTOSOMAL DOMINANT; CMDD	Q1
disease	OMIM:123050	CRANIORHINY	Q1
disease	OMIM:123100	CRANIOSYNOSTOSIS 1; CRS1	Q1
disease	OMIM:123150	JACKSON-WEISS SYNDROME; JWS	Q1
disease	OMIM:123155	HYDROCEPHALUS, AUTOSOMAL DOMINANT; HDCPH1	Q1
disease	OMIM:123270	CREATINE KINASE, BRAIN TYPE, ECTOPIC EXPRESSION OF; CKBE	Q1
disease	OMIM:123320	CREATINE PHOSPHOKINASE, ELEVATED SERUM	Q1
disease	OMIM:123400	CREUTZFELDT-JAKOB DISEASE; CJD	Q1
disease	OMIM:123450	CRI-DU-CHAT SYNDROME	Q1
disease	OMIM:123500	CROUZON SYNDROME	Q1
disease	OMIM:123540	CRYOFIBRINOGENEMIA, FAMILIAL PRIMARY	Q1
disease	OMIM:123550	CRYOGLOBULINEMIA, FAMILIAL MIXED	Q1
disease	OMIM:123557	CRYPTOTIA, FAMILIAL	Q1
disease	OMIM:123560	CRYPTOMICROTIA-BRACHYDACTYLY SYNDROME	Q1
disease	OMIM:123570	CRYPTOPHTHALMOS, UNILATERAL OR BILATERAL, ISOLATED	Q1
disease	OMIM:123700	CUTIS LAXA, AUTOSOMAL DOMINANT 1; ADCL1	Q1
disease	OMIM:123790	BEARE-STEVENSON CUTIS GYRATA SYNDROME; BSTVS	Q1
disease	OMIM:123853	CYPRUS FACIAL NEUROMUSCULOSKELETAL SYNDROME	Q1
disease	OMIM:123880	CYSTIC ANGIOMATOSIS OF BONE, DIFFUSE	Q1
disease	OMIM:123997	CYTOCHROME c OXIDASE, SUBUNIT 7A2, PSEUDOGENE 2; COX7A2P2	Q1
disease	OMIM:124000	MITOCHONDRIAL COMPLEX III DEFICIENCY, NUCLEAR TYPE 1; MC3DN1	Q1
disease	OMIM:124100	DANUBIAN ENDEMIC FAMILIAL NEPHROPATHY	Q1
disease	OMIM:124200	DARIER-WHITE DISEASE; DAR	Q1
disease	OMIM:124300	DARWINIAN TUBERCLE OF PINNA	Q1
disease	OMIM:124400	DARWINIAN TUBERCLE OF PINNA	Q1
disease	OMIM:124480	DEAFNESS, CONGENITAL, WITH ONYCHODYSTROPHY, AUTOSOMAL DOMINANT; DDOD	Q1
disease	OMIM:124490	DEAFNESS, CONDUCTIVE STAPEDIAL, WITH EAR MALFORMATION AND FACIAL PALSY	Q1
disease	OMIM:124500	VOHWINKEL SYNDROME; VOWNKL	Q1
disease	OMIM:124700	DEAFNESS, MID-TONE NEURAL	Q1
disease	OMIM:124900	DEAFNESS, AUTOSOMAL DOMINANT 1; DFNA1	Q1
disease	OMIM:124950	DEAFNESS, SENSORINEURAL, WITH PERIPHERAL NEUROPATHY AND ARTERIAL DISEASE	Q1
disease	OMIM:125000	DEAFNESS, UNILATERAL	Q1
disease	OMIM:125050	DEAFNESS WITH ANHIDROTIC ECTODERMAL DYSPLASIA	Q1
disease	OMIM:125230	DEAFNESS-CRANIOFACIAL SYNDROME	Q1
disease	OMIM:125250	OPTIC ATROPHY WITH OR WITHOUT DEAFNESS, OPHTHALMOPLEGIA, MYOPATHY, ATAXIA, AND NEUROPATHY	Q1
disease	OMIM:125260	DEFECTIVE INTERFERING PARTICLE INDUCTION, CONTROL OF	Q1
disease	OMIM:125280	DENS EVAGINATUS	Q1
disease	OMIM:125300	DENS IN DENTE AND PALATAL INVAGINATIONS	Q1
disease	OMIM:125310	CEREBRAL ARTERIOPATHY, AUTOSOMAL DOMINANT, WITH SUBCORTICAL INFARCTS AND LEUKOENCEPHALOPATHY, TYPE 1; CADASIL1	Q1
disease	OMIM:125320	DEMENTIA/PARKINSONISM WITH NON-ALZHEIMER AMYLOID PLAQUES	Q1
disease	OMIM:125350	FAILURE OF TOOTH ERUPTION, PRIMARY; PFE	Q1
disease	OMIM:125370	DENTATORUBRAL-PALLIDOLUYSIAN ATROPHY; DRPLA	Q1
disease	OMIM:125400	DENTIN DYSPLASIA, TYPE I; DTDP1	Q1
disease	OMIM:125420	DENTIN DYSPLASIA, TYPE II; DTDP2	Q1
disease	OMIM:125440	DENTIN DYSPLASIA WITH SCLEROTIC BONES	Q1
disease	OMIM:125460	DEOXYRIBOSE-5-PHOSPHATE ALDOLASE DEFICIENCY	Q1
disease	OMIM:125480	MAJOR AFFECTIVE DISORDER 1; MAFD1	Q1
disease	OMIM:125490	DENTINOGENESIS IMPERFECTA 1; DGI1	Q1
disease	OMIM:125500	DENTINOGENESIS IMPERFECTA, SHIELDS TYPE III	Q1
disease	OMIM:125520	CAYLER CARDIOFACIAL SYNDROME	Q1
disease	OMIM:125530	DERMAL RIDGES, NELSON SYNDROME	Q1
disease	OMIM:125540	DERMAL RIDGES, PATTERNLESS	Q1
disease	OMIM:125550	DERMAL RIDGES-OFF-THE-END; ROES	Q1
disease	OMIM:125570	DERMATOGLYPHICS--ARCH ON ANY DIGIT	Q1
disease	OMIM:125580	DERMATOGLYPHICS--FINGER RIDGE COUNT	Q1
disease	OMIM:125590	DERMATOGLYPHICS--FINGERPRINT PATTERN	Q1
disease	OMIM:125595	DERMATOPATHIA PIGMENTOSA RETICULARIS; DPR	Q1
disease	OMIM:125600	DERMATOSIS PAPULOSA NIGRA	Q1
disease	OMIM:125630	VIBRATORY URTICARIA; VBU	Q1
disease	OMIM:125635	DERMOGRAPHISM, FAMILIAL	Q1
disease	OMIM:125640	DERMOODONTODYSPLASIA	Q1
disease	OMIM:125700	DIABETES INSIPIDUS, NEUROHYPOPHYSEAL	Q1
disease	OMIM:125800	DIABETES INSIPIDUS, NEPHROGENIC, AUTOSOMAL	Q1
disease	OMIM:125850	MATURITY-ONSET DIABETES OF THE YOUNG, TYPE 1; MODY1	Q1
disease	OMIM:125851	MATURITY-ONSET DIABETES OF THE YOUNG, TYPE 2; MODY2	Q1
disease	OMIM:125852	DIABETES MELLITUS, INSULIN-DEPENDENT, 2	Q1
disease	OMIM:125853	DIABETES MELLITUS, NONINSULIN-DEPENDENT; NIDDM	Q1
disease	OMIM:125890	DIARRHEA, GLUCOSE-STIMULATED SECRETORY, WITH COMMON VARIABLE IMMUNODEFICIENCY	Q1
disease	OMIM:125900	DIASTEMA, DENTAL MEDIAL	Q1
disease	OMIM:126050	DIGITOTALAR DYSMORPHISM	Q1
disease	OMIM:126070	DILUTION, PIGMENTARY	Q1
disease	OMIM:126100	DIMPLES, FACIAL	Q1
disease	OMIM:126180	DISCRIMINATION, TWO-POINT, REDUCTION IN	Q1
disease	OMIM:126190	DISPROPORTIONATE SHORT STATURE WITH PTOSIS AND VALVULAR HEART LESIONS	Q1
disease	OMIM:126200	MULTIPLE SCLEROSIS, SUSCEPTIBILITY TO; MS	Q1
disease	OMIM:126250	DISTAL OSTEOSCLEROSIS	Q1
disease	OMIM:126300	DISTICHIASIS	Q1
disease	OMIM:126320	DISTICHIASIS WITH CONGENITAL ANOMALIES OF THE HEART AND PERIPHERAL VASCULATURE	Q1
disease	OMIM:126370	DNA, SATELLITE, III; HS3; D1Z1	Q1
disease	OMIM:126390	DNA, LOW-REPETITIVE SEQUENCES OF	Q1
disease	OMIM:126410	DNA, SATELLITE, ALPHA TYPE	Q1
disease	OMIM:126500	DOUBLE NAIL FOR FIFTH TOE	Q1
disease	OMIM:126550	DOUGHNUT LESIONS OF SKULL, FAMILIAL	Q1
disease	OMIM:126600	DOYNE HONEYCOMB RETINAL DYSTROPHY; DHRD	Q1
disease	OMIM:126700	BASAL LAMINAR DRUSEN	Q1
disease	OMIM:126800	DUANE RETRACTION SYNDROME 1; DURS1	Q1
disease	OMIM:126840	DUODENAL ULCER DUE TO ANTRAL G-CELL HYPERFUNCTION	Q1
disease	OMIM:126850	DUODENAL ULCER, HYPERPEPSINOGENEMIC I	Q1
disease	OMIM:126900	DUPUYTREN CONTRACTURE	Q1
disease	OMIM:126950	DWARFISM WITH TALL VERTEBRAE	Q1
disease	OMIM:127000	KENNY-CAFFEY SYNDROME, TYPE 2; KCS2	Q1
disease	OMIM:127100	DWARFISM, LEVI TYPE	Q1
disease	OMIM:127200	DWARFISM WITH STIFF JOINTS AND OCULAR ABNORMALITIES	Q1
disease	OMIM:127300	LERI-WEILL DYSCHONDROSTEOSIS; LWD	Q1
disease	OMIM:127350	DYSCHONDROSTEOSIS AND NEPHRITIS	Q1
disease	OMIM:127400	DYSCHROMATOSIS SYMMETRICA HEREDITARIA; DSH	Q1
disease	OMIM:127500	DYSCHROMATOSIS UNIVERSALIS HEREDITARIA 1; DUH1	Q1
disease	OMIM:127550	DYSKERATOSIS CONGENITA, AUTOSOMAL DOMINANT 1; DKCA1	Q1
disease	OMIM:127600	DYSKERATOSIS, HEREDITARY BENIGN INTRAEPITHELIAL; HBID	Q1
disease	OMIM:127700	DYSLEXIA, SUSCEPTIBILITY TO, 1; DYX1	Q1
disease	OMIM:127750	DEMENTIA, LEWY BODY; DLB	Q1
disease	OMIM:127800	DYSPLASIA EPIPHYSEALIS HEMIMELICA	Q1
disease	OMIM:127820	DYSPLASIA EPIPHYSEALIS HEMIMELICA WITH CHONDROMAS AND OSTEOCHONDROMAS	Q1
disease	OMIM:128000	DYSTELEPHALANGY	Q1
disease	OMIM:128100	DYSTONIA 1, TORSION, AUTOSOMAL DOMINANT; DYT1	Q1
disease	OMIM:128101	DYSTONIA 4, TORSION, AUTOSOMAL DOMINANT; DYT4	Q1
disease	OMIM:128200	EPISODIC KINESIGENIC DYSKINESIA 1; EKD1	Q1
disease	OMIM:128230	DYSTONIA, DOPA-RESPONSIVE; DRD	Q1
disease	OMIM:128235	DYSTONIA 12; DYT12	Q1
disease	OMIM:128290	EAR ANTITRAGUS, TAG AT BASE OF	Q1
disease	OMIM:128300	EAR EXOSTOSES	Q1
disease	OMIM:128400	EAR FLARE	Q1
disease	OMIM:128500	EAR FOLDING	Q1
disease	OMIM:128600	EAR MALFORMATION	Q1
disease	OMIM:128700	PREAURICULAR FISTULAE, CONGENITAL	Q1
disease	OMIM:128710	EAR PITS, POSTERIOR HELICAL	Q1
disease	OMIM:128800	EAR WITHOUT HELIX	Q1
disease	OMIM:128900	EARLOBE ATTACHMENT, ATTACHED VS UNATTACHED	Q1
disease	OMIM:128950	EARLOBE CREASE	Q1
disease	OMIM:128980	EARLOBES, THICKENED, WITH CONDUCTIVE DEAFNESS FROM INCUDOSTAPEDIAL ABNORMALITIES	Q1
disease	OMIM:129000	EARRING HOLES, NATURAL	Q1
disease	OMIM:129100	EARS, ABILITY TO MOVE	Q1
disease	OMIM:129150	ECHO VIRUS 11 SENSITIVITY; E11S	Q1
disease	OMIM:129200	BASAN SYNDROME	Q1
disease	OMIM:129400	RAPP-HODGKIN SYNDROME; RHS	Q1
disease	OMIM:129490	ECTODERMAL DYSPLASIA 10A, HYPOHIDROTIC/HAIR/NAIL TYPE, AUTOSOMAL DOMINANT; ECTD10A	Q1
disease	OMIM:129500	CLOUSTON SYNDROME	Q1
disease	OMIM:129510	ECTODERMAL DYSPLASIA, TRICHOODONTOONYCHIAL TYPE	Q1
disease	OMIM:129540	ECTODERMAL DYSPLASIA SYNDROME WITH DISTINCTIVE FACIAL APPEARANCE AND PREAXIAL POLYDACTYLY OF FEET	Q1
disease	OMIM:129550	ECTODERMAL DYSPLASIA WITH ADRENAL CYST	Q1
disease	OMIM:129600	ECTOPIA LENTIS 1, ISOLATED, AUTOSOMAL DOMINANT; ECTOL1	Q1
disease	OMIM:129750	ECTOPIA PUPILLAE	Q1
disease	OMIM:129810	ECTRODACTYLY AND ECTODERMAL DYSPLASIA WITHOUT CLEFT LIP/PALATE	Q1
disease	OMIM:129830	ECTRODACTYLY-CLEFT PALATE SYNDROME	Q1
disease	OMIM:129840	EDEMA, FAMILIAL IDIOPATHIC, PREPUBERTAL	Q1
disease	OMIM:129850	EDINBURGH MALFORMATION SYNDROME	Q1
disease	OMIM:129900	ECTRODACTYLY, ECTODERMAL DYSPLASIA, AND CLEFT LIP/PALATE SYNDROME 1; EEC1	Q1
disease	OMIM:129905	EGASYN	Q1
disease	OMIM:130000	EHLERS-DANLOS SYNDROME, CLASSIC TYPE	Q1
disease	OMIM:130020	EHLERS-DANLOS SYNDROME, HYPERMOBILITY TYPE	Q1
disease	OMIM:130050	EHLERS-DANLOS SYNDROME, TYPE IV, AUTOSOMAL DOMINANT	Q1
disease	OMIM:130060	EHLERS-DANLOS SYNDROME, TYPE VII, AUTOSOMAL DOMINANT	Q1
disease	OMIM:130070	EHLERS-DANLOS SYNDROME WITH SHORT STATURE AND LIMB ANOMALIES; EDSSLA	Q1
disease	OMIM:130080	EHLERS-DANLOS SYNDROME, PERIODONTAL TYPE, 1; EDSPD1	Q1
disease	OMIM:130090	EHLERS-DANLOS SYNDROME, AUTOSOMAL DOMINANT, TYPE UNSPECIFIED	Q1
disease	OMIM:130100	ELASTOSIS PERFORANS SERPIGINOSA; EPS	Q1
disease	OMIM:130180	ELECTROENCEPHALOGRAM, LOW-VOLTAGE	Q1
disease	OMIM:130190	ELECTROENCEPHALOGRAPHIC PATTERN, BETA FREQUENCY, QUANTITATIVE TRAIT LOCUS; EEGBQTL	Q1
disease	OMIM:130200	ELECTROENCEPHALOGRAPHIC PECULIARITY: 14 AND 6 PER SEC. POSITIVE SPIKE PHENOMENON	Q1
disease	OMIM:130300	ELECTROENCEPHALOGRAPHIC PECULIARITY: FRONTO-PRECENTRAL BETA WAVE GROUPS	Q1
disease	OMIM:130400	ELECTROENCEPHALOGRAPHIC PECULIARITY: OCCIPITAL SLOW BETA WAVES	Q1
disease	OMIM:130600	ELLIPTOCYTOSIS 2; EL2	Q1
disease	OMIM:130650	BECKWITH-WIEDEMANN SYNDROME; BWS	Q1
disease	OMIM:130700	EMPHYSEMA, HEREDITARY PULMONARY	Q1
disease	OMIM:130710	EMPHYSEMA, CONGENITAL LOBAR; CLE	Q1
disease	OMIM:130720	LATERAL MENINGOCELE SYNDROME; LMNS	Q1
disease	OMIM:130900	AMELOGENESIS IMPERFECTA, TYPE IIIA; AI3A	Q1
disease	OMIM:130950	ENCEPHALOPATHY, RECURRENT, OF CHILDHOOD	Q1
disease	OMIM:131100	MULTIPLE ENDOCRINE NEOPLASIA, TYPE I; MEN1	Q1
disease	OMIM:131200	ENDOMETRIOSIS, SUSCEPTIBILITY TO, 1	Q1
disease	OMIM:131300	CAMURATI-ENGELMANN DISEASE; CAEND	Q1
disease	OMIM:131375	ENOLASE, SPERM SPECIFIC; ENO4	Q1
disease	OMIM:131400	EOSINOPHILIA, FAMILIAL	Q1
disease	OMIM:131430	EOSINOPHILOPENIA	Q1
disease	OMIM:131440	MYELOPROLIFERATIVE DISORDER, CHRONIC, WITH EOSINOPHILIA	Q1
disease	OMIM:131450	EPIBLEPHARON OF LOWER LID	Q1
disease	OMIM:131460	EPIBLEPHARON OF UPPER LID	Q1
disease	OMIM:131500	EPICANTHUS	Q1
disease	OMIM:131600	EPIDERMOID CYSTS	Q1
disease	OMIM:131705	TRANSIENT BULLOUS DERMOLYSIS OF THE NEWBORN; TBDN	Q1
disease	OMIM:131750	EPIDERMOLYSIS BULLOSA DYSTROPHICA, AUTOSOMAL DOMINANT; DDEB	Q1
disease	OMIM:131760	EPIDERMOLYSIS BULLOSA SIMPLEX, DOWLING-MEARA TYPE; EBSDM	Q1
disease	OMIM:131800	EPIDERMOLYSIS BULLOSA SIMPLEX, LOCALIZED	Q1
disease	OMIM:131850	EPIDERMOLYSIS BULLOSA DYSTROPHICA, PRETIBIAL	Q1
disease	OMIM:131880	EPIDERMOLYSIS BULLOSA WITH DEFICIENCY OF GALACTOSYLHYDROXYLYSYL GLUCOSYLTRANSFERASE	Q1
disease	OMIM:131900	EPIDERMOLYSIS BULLOSA SIMPLEX, GENERALIZED	Q1
disease	OMIM:131950	EPIDERMOLYSIS BULLOSA SIMPLEX, OGNA TYPE; EBSOG	Q1
disease	OMIM:131960	EPIDERMOLYSIS BULLOSA SIMPLEX WITH MOTTLED PIGMENTATION; EBSMP	Q1
disease	OMIM:132000	EPIDERMOLYSIS BULLOSA WITH CONGENITAL LOCALIZED ABSENCE OF SKIN AND DEFORMITY OF NAILS	Q1
disease	OMIM:132090	EPILEPSY, BENIGN OCCIPITAL; BOE	Q1
disease	OMIM:132100	PHOTOPAROXYSMAL RESPONSE 1; PPR1	Q1
disease	OMIM:132300	EPILEPSY, READING	Q1
disease	OMIM:132400	EPIPHYSEAL DYSPLASIA, MULTIPLE, 1; EDM1	Q1
disease	OMIM:132450	EPIPHYSEAL DYSPLASIA, MULTIPLE, WITH MYOPIA AND CONDUCTIVE DEAFNESS; EDMMD	Q1
disease	OMIM:132500	EPISTAXIS, HEREDITARY	Q1
disease	OMIM:132600	PILOMATRIXOMA	Q1
disease	OMIM:132700	CYLINDROMATOSIS, FAMILIAL	Q1
disease	OMIM:132800	MULTIPLE SELF-HEALING SQUAMOUS EPITHELIOMA, SUSCEPTIBILITY TO; MSSE	Q1
disease	OMIM:132850	EPSTEIN-BARR VIRUS INSERTION SITE 1; EBVS1	Q1
disease	OMIM:132900	AORTIC ANEURYSM, FAMILIAL THORACIC 4; AAT4	Q1
disease	OMIM:132990	ERYTHEMA NODOSUM, FAMILIAL	Q1
disease	OMIM:133000	ERYTHEMA PALMARE HEREDITARIUM	Q1
disease	OMIM:133020	ERYTHERMALGIA, PRIMARY	Q1
disease	OMIM:133100	ERYTHROCYTOSIS, FAMILIAL, 1; ECYT1	Q1
disease	OMIM:133180	ERYTHROLEUKEMIA, FAMILIAL	Q1
disease	OMIM:133190	SPINOCEREBELLAR ATAXIA 34; SCA34	Q1
disease	OMIM:133200	ERYTHROKERATODERMIA VARIABILIS ET PROGRESSIVA 1; EKVP1	Q1
disease	OMIM:133239	ESOPHAGEAL CANCER	Q1
disease	OMIM:133240	ESOPHAGEAL RING, LOWER	Q1
disease	OMIM:133260	ESTERASE B; ESB	Q1
disease	OMIM:133270	ESTERASE C; ESC	Q1
disease	OMIM:133300	ESTERASE ES-2, REGULATOR FOR	Q1
disease	OMIM:133500	EXCHONDROSIS OF PINNA, POSTERIOR	Q1
disease	OMIM:133540	COCKAYNE SYNDROME B; CSB	Q1
disease	OMIM:133600	EXOSTOSES OF HEEL	Q1
disease	OMIM:133690	EXOSTOSES WITH ANETODERMIA AND BRACHYDACTYLY, TYPE E	Q1
disease	OMIM:133700	EXOSTOSES, MULTIPLE, TYPE I	Q1
disease	OMIM:133701	EXOSTOSES, MULTIPLE, TYPE II	Q1
disease	OMIM:133705	EXTERNAL AUDITORY CANAL, BILATERAL ATRESIA OF, WITH CONGENITAL VERTICAL TALUS	Q1
disease	OMIM:133750	EXTRASYSTOLES, MULTIFORM VENTRICULAR, WITH SHORT STATURE, HYPERPIGMENTATION AND MICROCEPHALY	Q1
disease	OMIM:133780	EXUDATIVE VITREORETINOPATHY 1; EVR1	Q1
disease	OMIM:133800	EYEBROW, WHORL IN	Q1
disease	OMIM:133900	HEMIFACIAL HYPERPLASIA	Q1
disease	OMIM:134000	FACIAL HYPERTRICHOSIS	Q1
disease	OMIM:134200	FACIAL PALSY, FAMILIAL RECURRENT PERIPHERAL	Q1
disease	OMIM:134300	FACIAL SPASM	Q1
disease	OMIM:134400	FACTOR V EXCESS WITH SPONTANEOUS THROMBOSIS	Q1
disease	OMIM:134430	FACTOR VII AND FACTOR VIII, COMBINED DEFICIENCY OF	Q1
disease	OMIM:134500	FACTOR VIII DEFICIENCY	Q1
disease	OMIM:134510	FACTOR VIII AND FACTOR IX, COMBINED DEFICIENCY OF; F8F9D	Q1
disease	OMIM:134520	FACTORS VIII, IX AND XI, COMBINED DEFICIENCY OF	Q1
disease	OMIM:134540	FACTOR IX AND FACTOR XI, COMBINED DEFICIENCY OF	Q1
disease	OMIM:134600	FANCONI RENOTUBULAR SYNDROME 1; FRTS1	Q1
disease	OMIM:134610	FAMILIAL MEDITERRANEAN FEVER, AUTOSOMAL DOMINANT	Q1
disease	OMIM:134700	FAVISM, SUSCEPTIBILITY TO	Q1
disease	OMIM:134720	FECUNDITY GENE, BOOROOLA, OF SHEEP, HOMOLOG OF	Q1
disease	OMIM:134750	FELTY SYNDROME	Q1
disease	OMIM:134780	FEMORAL-FACIAL SYNDROME; FFS	Q1
disease	OMIM:134900	FIBRINOLYTIC DEFECT	Q1
disease	OMIM:135100	FIBRODYSPLASIA OSSIFICANS PROGRESSIVA; FOP	Q1
disease	OMIM:135150	BIRT-HOGG-DUBE SYNDROME; BHD	Q1
disease	OMIM:135290	DESMOID DISEASE, HEREDITARY	Q1
disease	OMIM:135300	FIBROMATOSIS, GINGIVAL, 1; GINGF1	Q1
disease	OMIM:135400	HYPERTRICHOSIS, CONGENITAL GENERALIZED, WITH OR WITHOUT GINGIVAL HYPERPLASIA; HTC3	Q1
disease	OMIM:135500	ZIMMERMANN-LABAND SYNDROME 1; ZLS1	Q1
disease	OMIM:135550	FIBROMATOSIS, GINGIVAL, WITH PROGRESSIVE DEAFNESS	Q1
disease	OMIM:135580	FIBROMUSCULAR DYSPLASIA; FMDA	Q1
disease	OMIM:135610	FIBRONECTIN-LIKE 2; FNL2	Q1
disease	OMIM:135700	FIBROSIS OF EXTRAOCULAR MUSCLES, CONGENITAL, 1; CFEOM1	Q1
disease	OMIM:135750	LAURIN-SANDROW SYNDROME; LSS	Q1
disease	OMIM:135800	FIBULA, RECURRENT DISLOCATION OF HEAD OF	Q1
disease	OMIM:135900	COFFIN-SIRIS SYNDROME 1; CSS1	Q1
disease	OMIM:135950	FINGER LOCKING, RECURRENT, WITH INTRAUTERINE GROWTH RETARDATION AND PROPORTIONATE SHORT STATURE	Q1
disease	OMIM:136000	ADERMATOGLYPHIA; ADERM	Q1
disease	OMIM:136100	FINGERS, RELATIVE LENGTH OF	Q1
disease	OMIM:136120	FISH-EYE DISEASE; FED	Q1
disease	OMIM:136140	FLOATING-HARBOR SYNDROME; FLHS	Q1
disease	OMIM:136150	FLOOD FACTOR DEFICIENCY	Q1
disease	OMIM:136200	FLUSHING OF EARS AND SOMNOLENCE	Q1
disease	OMIM:136300	FLYNN-AIRD SYNDROME	Q1
disease	OMIM:136400	FOCAL EPITHELIAL HYPERPLASIA OF THE ORAL MUCOSA	Q1
disease	OMIM:136480	FOURTH CRANIAL NERVE PALSY, FAMILIAL CONGENITAL	Q1
disease	OMIM:136500	FOCAL FACIAL DERMAL DYSPLASIA 1, BRAUER TYPE; FFDD1	Q1
disease	OMIM:136520	FOVEAL HYPOPLASIA 1; FVH1	Q1
disease	OMIM:136540	FRAGILE SITE 10q23	Q1
disease	OMIM:136550	MACULAR DYSTROPHY, RETINAL, 1, NORTH CAROLINA TYPE; MCDR1	Q1
disease	OMIM:136570	CHROMOSOME 16p12.1 DELETION SYNDROME, 520-KB	Q1
disease	OMIM:136580	FRAGILE SITE, DISTAMYCIN A TYPE, RARE, FRA(16)(q22.1); FRA16B	Q1
disease	OMIM:136590	FRAGILE SITE 20p11	Q1
disease	OMIM:136600	FRIEDREICH ATAXIA, SO-CALLED, WITH OPTIC ATROPHY AND SENSORINEURAL DEAFNESS	Q1
disease	OMIM:136620	FRAGILE SITE 10q25; FRA10B	Q1
disease	OMIM:136630	MENTAL RETARDATION, FRA12A TYPE	Q1
disease	OMIM:136640	FRAGILE SITE 9q32	Q1
disease	OMIM:136660	FRAGILE SITE 17p12	Q1
disease	OMIM:136680	FRASIER SYNDROME	Q1
disease	OMIM:136760	FRONTONASAL DYSPLASIA 1; FND1	Q1
disease	OMIM:136800	CORNEAL DYSTROPHY, FUCHS ENDOTHELIAL, 1; FECD1	Q1
disease	OMIM:136830	FUCOSIDASE REGULATOR	Q1
disease	OMIM:136880	FUNDUS ALBIPUNCTATUS	Q1
disease	OMIM:136900	SORSBY FUNDUS DYSTROPHY; SFD	Q1
disease	OMIM:137000	FUTCHER LINE	Q1
disease	OMIM:137040	GALLBLADDER, AGENESIS OF	Q1
disease	OMIM:137050	GAMMA-A-GLOBULIN, DEFECT IN ASSEMBLY OF	Q1
disease	OMIM:137100	IMMUNOGLOBULIN A DEFICIENCY 1; IGAD1	Q1
disease	OMIM:137130	GASTRIC SNEEZING	Q1
disease	OMIM:137200	NEUROMYOTONIA AND AXONAL NEUROPATHY, AUTOSOMAL RECESSIVE; NMAN	Q1
disease	OMIM:137210	GASTRIC VOLVULUS, INTRATHORACIC	Q1
disease	OMIM:137215	GASTRIC CANCER, HEREDITARY DIFFUSE; HDGC	Q1
disease	OMIM:137220	GASTRIC JUICE PEPTIDES	Q1
disease	OMIM:137245	LYMPHOMA, MUCOSA-ASSOCIATED LYMPHOID TYPE	Q1
disease	OMIM:137270	GASTROCUTANEOUS SYNDROME	Q1
disease	OMIM:137280	GASTRITIS, FAMILIAL GIANT HYPERTROPHIC	Q1
disease	OMIM:137360	GENOCHONDROMATOSIS	Q1
disease	OMIM:137370	GENU VALGUM, ST. HELENA FAMILIAL	Q1
disease	OMIM:137400	GEOGRAPHIC AND FISSURED TONGUE	Q1
disease	OMIM:137440	GERSTMANN-STRAUSSLER DISEASE; GSD	Q1
disease	OMIM:137500	GIANT NEUTROPHIL LEUKOCYTES	Q1
disease	OMIM:137550	MELANOCYTIC NEVUS SYNDROME, CONGENITAL; CMNS	Q1
disease	OMIM:137560	GIANT PLATELET SYNDROME WITH THROMBOCYTOPENIA	Q1
disease	OMIM:137575	GIGANTIFORM CEMENTOMA, FAMILIAL	Q1
disease	OMIM:137580	GILLES DE LA TOURETTE SYNDROME; GTS	Q1
disease	OMIM:137600	ANTERIOR SEGMENT DYSGENESIS 4; ASGD4	Q1
disease	OMIM:137700	GLAUCOMA WITH ELEVATED EPISCLERAL VENOUS PRESSURE	Q1
disease	OMIM:137750	GLAUCOMA 1, OPEN ANGLE, A; GLC1A	Q1
disease	OMIM:137760	GLAUCOMA, PRIMARY OPEN ANGLE; POAG	Q1
disease	OMIM:137763	GLAUCOMA AND SLEEP APNEA	Q1
disease	OMIM:137800	GLIOMA SUSCEPTIBILITY 1; GLM1	Q1
disease	OMIM:137900	GLOBULIN ANOMALY INVOLVING BETA (2A)-GLOBULIN	Q1
disease	OMIM:137920	RENAL CYSTS AND DIABETES SYNDROME; RCAD	Q1
disease	OMIM:137940	HYPOTRICHOSIS-LYMPHEDEMA-TELANGIECTASIA-RENAL DEFECT SYNDROME; HLTRS	Q1
disease	OMIM:137950	GLOMERULOPATHY WITH FIBRONECTIN DEPOSITS 1; GFND1	Q1
disease	OMIM:138000	GLOMUVENOUS MALFORMATIONS; GVM	Q1
disease	OMIM:138060	GLUCOCORTICOID RECEPTOR-LIKE 1; GRLL1	Q1
disease	OMIM:138070	GLUCOGLYCINURIA	Q1
disease	OMIM:138110	GLUCOSE-6-PHOSPHATE DEHYDROGENASE-LIKE; G6PDL	Q1
disease	OMIM:138277	GLUTAMIC ACID DECARBOXYLASE, BRAIN, MEMBRANE FORM	Q1
disease	OMIM:138340	GLUTATHIONE TRANSFERASE ACTIVITY TOWARD TRANS-STILBENE OXIDE	Q1
disease	OMIM:138500	HYPERGLYCINURIA	Q1
disease	OMIM:138710	GLYCOPROTEIN, RENAL	Q1
disease	OMIM:138770	GMS SYNDROME	Q1
disease	OMIM:138790	GOITER, MULTINODULAR, CYSTIC RENAL DISEASE, AND DIGITAL ANOMALIES	Q1
disease	OMIM:138800	GOITER, MULTINODULAR 1, WITH OR WITHOUT SERTOLI-LEYDIG CELL TUMORS; MNG1	Q1
disease	OMIM:138900	URIC ACID CONCENTRATION, SERUM, QUANTITATIVE TRAIT LOCUS 1; UAQTL1	Q1
disease	OMIM:138920	GRANDDAD SYNDROME	Q1
disease	OMIM:138930	GRANT SYNDROME	Q1
disease	OMIM:138990	GRANULOMATOUS DISEASE, CHRONIC, AUTOSOMAL DOMINANT TYPE	Q1
disease	OMIM:139000	GRANULOSIS RUBRA NASI	Q1
disease	OMIM:139090	GRAY PLATELET SYNDROME; GPS	Q1
disease	OMIM:139100	GRAYING OF HAIR, PRECOCIOUS	Q1
disease	OMIM:139210	MYHRE SYNDROME; MYHRS	Q1
disease	OMIM:139280	GUANYLATE KINASE 2; GUK2	Q1
disease	OMIM:139290	GUANYLATE KINASE 3; GUK3	Q1
disease	OMIM:139300	AROMATASE EXCESS SYNDROME; AEXS	Q1
disease	OMIM:139393	GUILLAIN-BARRE SYNDROME, FAMILIAL; GBS	Q1
disease	OMIM:139400	HAIR WHORL	Q1
disease	OMIM:139450	HAIR MORPHOLOGY 2; HRM2	Q1
disease	OMIM:139500	HAIRY EARS	Q1
disease	OMIM:139600	HAIRY ELBOWS	Q1
disease	OMIM:139630	HAIRY NOSE TIP	Q1
disease	OMIM:139650	HAIRY PALMS AND SOLES	Q1
disease	OMIM:139750	HAND AND FOOT DEFORMITY WITH FLAT FACIES	Q1
disease	OMIM:139800	HAND CLASPING PATTERN	Q1
disease	OMIM:139900	HAND SKILL, RELATIVE; HSR	Q1
disease	OMIM:140000	HAND-FOOT-GENITAL SYNDROME; HFG	Q1
disease	OMIM:140300	HASHIMOTO THYROIDITIS	Q1
disease	OMIM:140350	HAWKINSINURIA	Q1
disease	OMIM:140400	PROGRESSIVE FAMILIAL HEART BLOCK, TYPE II; PFHB2	Q1
disease	OMIM:140450	HEART-HAND SYNDROME, SPANISH TYPE	Q1
disease	OMIM:140500	HEART, MALFORMATION OF	Q1
disease	OMIM:140600	OSTEOARTHRITIS SUSCEPTIBILITY 2; OS2	Q1
disease	OMIM:140700	HEINZ BODY ANEMIAS	Q1
disease	OMIM:140850	HEMANGIOMAS, CAVERNOUS, OF FACE AND SUPRAUMBILICAL MIDLINE RAPHE	Q1
disease	OMIM:140900	HEMANGIOMAS OF SMALL INTESTINE	Q1
disease	OMIM:141000	HEMANGIOMA-THROMBOCYTOPENIA SYNDROME	Q1
disease	OMIM:141200	HEMATURIA, BENIGN FAMILIAL; BFH	Q1
disease	OMIM:141300	HEMIFACIAL ATROPHY, PROGRESSIVE; HFA	Q1
disease	OMIM:141350	HEMIFACIAL HYPERPLASIA WITH STRABISMUS	Q1
disease	OMIM:141400	HEMIFACIAL MICROSOMIA WITH RADIAL DEFECTS	Q1
disease	OMIM:141405	HEMIFACIAL SPASM, FAMILIAL	Q1
disease	OMIM:141500	MIGRAINE, FAMILIAL HEMIPLEGIC, 1; FHM1	Q1
disease	OMIM:141700	HEMOLYTIC POIKILOCYTIC ANEMIA DUE TO REDUCED ANKYRIN BINDING SITES	Q1
disease	OMIM:141749	FETAL HEMOGLOBIN QUANTITATIVE TRAIT LOCUS 1; HBFQTL1	Q1
disease	OMIM:141750	ALPHA-THALASSEMIA/MENTAL RETARDATION SYNDROME, CHROMOSOME 16-RELATED	Q1
disease	OMIM:142309	HEMOGLOBIN--VARIANTS FOR WHICH THE CHAIN CARRYING THE MUTATION IS UNKNOWN OR UNCERTAIN	Q1
disease	OMIM:142330	HEPATIC ADENOMAS, FAMILIAL	Q1
disease	OMIM:142335	FETAL HEMOGLOBIN QUANTITATIVE TRAIT LOCUS 5; HBFQTL5	Q1
disease	OMIM:142340	DIAPHRAGMATIC HERNIA, CONGENITAL	Q1
disease	OMIM:142350	HERNIA, DOUBLE INGUINAL	Q1
disease	OMIM:142395	HEPATITIS B VACCINE, RESPONSE TO	Q1
disease	OMIM:142400	HERNIA, HIATUS	Q1
disease	OMIM:142470	FETAL HEMOGLOBIN QUANTITATIVE TRAIT LOCUS 2; HBFQTL2	Q1
disease	OMIM:142500	HETEROCHROMIA IRIDIS	Q1
disease	OMIM:142623	HIRSCHSPRUNG DISEASE, SUSCEPTIBILITY TO, 1; HSCR1	Q1
disease	OMIM:142625	HIRSUTISM, SKELETAL DYSPLASIA, AND MENTAL RETARDATION	Q1
disease	OMIM:142630	HISTIOCYTOSIS, PROGRESSIVE MUCINOUS	Q1
disease	OMIM:142660	HEXOSAMINIDASE C; HEXC	Q1
disease	OMIM:142669	BEUKES HIP DYSPLASIA; BHD	Q1
disease	OMIM:142680	PERIODIC FEVER, FAMILIAL, AUTOSOMAL DOMINANT	Q1
disease	OMIM:142690	ACNE INVERSA, FAMILIAL, 1; ACNINV1	Q1
disease	OMIM:142700	DEVELOPMENTAL DYSPLASIA OF THE HIP 1; DDH1	Q1
disease	OMIM:142730	HISTIOCYTIC DERMATOARTHRITIS	Q1
disease	OMIM:142770	HLA MODIFIER	Q1
disease	OMIM:142900	HOLT-ORAM SYNDROME; HOS	Q1
disease	OMIM:142945	HOLOPROSENCEPHALY 3; HPE3	Q1
disease	OMIM:142946	HOLOPROSENCEPHALY 4; HPE4	Q1
disease	OMIM:143000	HORNER SYNDROME, CONGENITAL	Q1
disease	OMIM:143020	HPA I RECOGNITION POLYMORPHISM, BETA-GLOBIN-RELATED; HPA1	Q1
disease	OMIM:143050	HUMERORADIAL SYNOSTOSIS	Q1
disease	OMIM:143095	SPONDYLOEPIPHYSEAL DYSPLASIA WITH CONGENITAL JOINT DISLOCATIONS; SEDCJD	Q1
disease	OMIM:143100	HUNTINGTON DISEASE; HD	Q1
disease	OMIM:143200	WAGNER VITREORETINOPATHY; WGVRP	Q1
disease	OMIM:143400	CONGENITAL ANOMALIES OF KIDNEY AND URINARY TRACT 2; CAKUT2	Q1
disease	OMIM:143460	5-HYDROXYTRYPTAMINE OXYGENASE REGULATOR; HTOR	Q1
disease	OMIM:143465	ATTENTION DEFICIT-HYPERACTIVITY DISORDER; ADHD	Q1
disease	OMIM:143470	HYPERALPHALIPOPROTEINEMIA 1; HALP1	Q1
disease	OMIM:143500	GILBERT SYNDROME	Q1
disease	OMIM:143850	ORTHOSTATIC HYPOTENSIVE DISORDER, STREETEN TYPE	Q1
disease	OMIM:143860	HYPERCHLORHIDROSIS, ISOLATED	Q1
disease	OMIM:143870	HYPERCALCIURIA, ABSORPTIVE, 2; HCA2	Q1
disease	OMIM:143880	HYPERCALCEMIA, INFANTILE, 1; HCINF1	Q1
disease	OMIM:143890	HYPERCHOLESTEROLEMIA, FAMILIAL	Q1
disease	OMIM:144010	HYPERCHOLESTEROLEMIA, AUTOSOMAL DOMINANT, TYPE B	Q1
disease	OMIM:144020	HYPERCHOLESTEROLEMIA SUPPRESSOR	Q1
disease	OMIM:144050	HYPERHEPARINEMIA	Q1
disease	OMIM:144100	HYPERHIDROSIS, GUSTATORY; HYPRG	Q1
disease	OMIM:144110	HYPERHIDROSIS PALMARIS ET PLANTARIS; HYPRPP	Q1
disease	OMIM:144120	HYPERIMMUNOGLOBULIN G1(A1) SYNDROME	Q1
disease	OMIM:144150	HYPERKERATOSIS LENTICULARIS PERSTANS; HLP	Q1
disease	OMIM:144190	HYPERKERATOSIS-HYPERPIGMENTATION SYNDROME	Q1
disease	OMIM:144200	PALMOPLANTAR KERATODERMA, EPIDERMOLYTIC; EPPK	Q1
disease	OMIM:144250	HYPERLIPIDEMIA, FAMILIAL COMBINED; FCHL	Q1
disease	OMIM:144300	HYPERLIPOPROTEINEMIA, TYPE II, AND DEAFNESS	Q1
disease	OMIM:144600	HYPERLIPOPROTEINEMIA, TYPE IV	Q1
disease	OMIM:144650	HYPERLIPOPROTEINEMIA, TYPE V	Q1
disease	OMIM:144700	RENAL CELL CARCINOMA, NONPAPILLARY; RCC	Q1
disease	OMIM:144750	ENDOSTEAL HYPEROSTOSIS, AUTOSOMAL DOMINANT	Q1
disease	OMIM:144755	HYPEROSTOSIS CRANIALIS INTERNA	Q1
disease	OMIM:144800	HYPEROSTOSIS FRONTALIS INTERNA	Q1
disease	OMIM:145000	HYPERPARATHYROIDISM 1; HRPT1	Q1
disease	OMIM:145001	HYPERPARATHYROIDISM 2 WITH JAW TUMORS; HRPT2	Q1
disease	OMIM:145100	HYPERPIGMENTATION OF EYELIDS	Q1
disease	OMIM:145200	HYPERPIGMENTATION OF FULDAUER AND KUIJPERS	Q1
disease	OMIM:145250	HYPERPIGMENTATION WITH OR WITHOUT HYPOPIGMENTATION, FAMILIAL PROGRESSIVE; FPHH	Q1
disease	OMIM:145260	PSEUDOHYPOALDOSTERONISM, TYPE IIA; PHA2A	Q1
disease	OMIM:145270	HYPERPROGLUCAGONEMIA	Q1
disease	OMIM:145290	HYPERREFLEXIA; HRX	Q1
disease	OMIM:145295	HYPERSECRETION OF ADRENAL ANDROGENS, FAMILIAL	Q1
disease	OMIM:145300	HYPERSENSITIVITY PNEUMONITIS, FAMILIAL	Q1
disease	OMIM:145350	HYPERTAURINURIC CARDIOMYOPATHY	Q1
disease	OMIM:145400	HYPERTELORISM	Q1
disease	OMIM:145410	OPITZ GBBB SYNDROME, TYPE II; GBBB2	Q1
disease	OMIM:145420	HYPERTELORISM, TEEBI TYPE	Q1
disease	OMIM:145500	HYPERTENSION, ESSENTIAL	Q1
disease	OMIM:145590	HYPERTHERMIA, CUTANEOUS, WITH HEADACHES AND NAUSEA	Q1
disease	OMIM:145600	MALIGNANT HYPERTHERMIA, SUSCEPTIBILITY TO, 1; MHS1	Q1
disease	OMIM:145650	THYROID HORMONE RESISTANCE, SELECTIVE PITUITARY; PRTH	Q1
disease	OMIM:145680	HYPERTHYROXINEMIA, DYSTRANSTHYRETINEMIC; DTTRH	Q1
disease	OMIM:145700	HYPERTRICHOSIS LANUGINOSA CONGENITA	Q1
disease	OMIM:145701	HYPERTRICHOSIS UNIVERSALIS CONGENITA, AMBRAS TYPE; HTC1	Q1
disease	OMIM:145750	HYPERTRIGLYCERIDEMIA, FAMILIAL	Q1
disease	OMIM:145800	HYPERTROPHIA MUSCULORUM VERA	Q1
disease	OMIM:145900	HYPERTROPHIC NEUROPATHY OF DEJERINE-SOTTAS	Q1
disease	OMIM:145980	HYPOCALCIURIC HYPERCALCEMIA, FAMILIAL, TYPE I; HHC1	Q1
disease	OMIM:145981	HYPOCALCIURIC HYPERCALCEMIA, FAMILIAL, TYPE II; HHC2	Q1
disease	OMIM:146000	HYPOCHONDROPLASIA; HCH	Q1
disease	OMIM:146110	HYPOGONADOTROPIC HYPOGONADISM 7 WITH OR WITHOUT ANOSMIA; HH7	Q1
disease	OMIM:146160	HYPOMELIA WITH MULLERIAN DUCT ANOMALIES	Q1
disease	OMIM:146200	HYPOPARATHYROIDISM, FAMILIAL ISOLATED; FIH	Q1
disease	OMIM:146255	HYPOPARATHYROIDISM, SENSORINEURAL DEAFNESS, AND RENAL DISEASE; HDR	Q1
disease	OMIM:146300	HYPOPHOSPHATASIA, ADULT	Q1
disease	OMIM:146350	HYPOPHOSPHATEMIC BONE DISEASE; HBD	Q1
disease	OMIM:146390	CHROMOSOME 18p DELETION SYNDROME	Q1
disease	OMIM:146450	HYPOSPADIAS 3, AUTOSOMAL; HYSP3	Q1
disease	OMIM:146500	MULTIPLE SYSTEM ATROPHY 1, SUSCEPTIBILITY TO; MSA1	Q1
disease	OMIM:146510	PALLISTER-HALL SYNDROME; PHS	Q1
disease	OMIM:146520	HYPOTRICHOSIS 2; HYPT2	Q1
disease	OMIM:146550	HYPOTRICHOSIS 4; HYPT4	Q1
disease	OMIM:146580	HYPOXANTHINE GUANINE PHOSPHORIBOSYLTRANSFERASE SUPPRESSOR	Q1
disease	OMIM:146590	ICHTHYOSIS HYSTRIX, CURTH-MACKLIN TYPE; IHCM	Q1
disease	OMIM:146600	ICHTHYOSIS HYSTRIX GRAVIOR	Q1
disease	OMIM:146700	ICHTHYOSIS VULGARIS	Q1
disease	OMIM:146720	ICHTHYOSIS--CHEEK--EYEBROW SYNDROME	Q1
disease	OMIM:146750	ICHTHYOSIS, LAMELLAR, AUTOSOMAL DOMINANT	Q1
disease	OMIM:146800	ICHTHYOSIS BULLOSA OF SIEMENS; IBS	Q1
disease	OMIM:146810	IMMUNE RESPONSE TO SYNTHETIC POLYPEPTIDE--IRPHEGAL; IPHEG	Q1
disease	OMIM:146820	IMMUNE RESPONSE TO SYNTHETIC POLYPEPTIDE--IRGAT; IGAT	Q1
disease	OMIM:146830	IMMUNE DEFICIENCY, FAMILIAL VARIABLE	Q1
disease	OMIM:146840	IMMUNODEFICIENCY WITH DEFECTIVE LEUKOCYTE AND LYMPHOCYTE FUNCTION AND WITH RESPONSE TO HISTAMINE-1 ANTAGONIST	Q1
disease	OMIM:146850	IMMUNE SUPPRESSION; IS	Q1
disease	OMIM:146950	IMMUNE RESPONSE TO SYNTHETIC POLYPEPTIDE--IRHGAL; IHG	Q1
disease	OMIM:146960	IMMUNE RESPONSE TO SYNTHETIC POLYPEPTIDE--IRTGAL; ITG	Q1
disease	OMIM:146990	IMMUNOGLOBULIN HEAVY CHAIN DIVERSITY REGION 2; IGHDY2	Q1
disease	OMIM:147050	IgE RESPONSIVENESS, ATOPIC; IGER	Q1
disease	OMIM:147060	HYPER-IgE RECURRENT INFECTION SYNDROME, AUTOSOMAL DOMINANT	Q1
disease	OMIM:147061	IMMUNOGLOBULIN E CONCENTRATION, SERUM; IGES	Q1
disease	OMIM:147080	IMMUNE RESPONSE TO SYNTHETIC POLYPEPTIDE--IRGLPHE 1; IGLP1	Q1
disease	OMIM:147090	IMMUNE RESPONSE TO SYNTHETIC POLYPEPTIDE--IRGLPHE 2; IGLP2	Q1
disease	OMIM:147250	SOLITARY MEDIAN MAXILLARY CENTRAL INCISOR; SMMCI	Q1
disease	OMIM:147251	INCISORS, FUSED MANDIBULAR	Q1
disease	OMIM:147260	IMMUNOGLOBULIN SWITCH SEQUENCES	Q1
disease	OMIM:147300	INCISORS, LONG UPPER CENTRAL	Q1
disease	OMIM:147320	INSULIN RECEPTORS, FAMILIAL INCREASE IN	Q1
disease	OMIM:147330	INCISORS, LOWER CENTRAL, ABSENCE OF	Q1
disease	OMIM:147350	INCISORS, ROTATION OF UPPER CENTRAL	Q1
disease	OMIM:147400	INCISORS, SHOVEL-SHAPED	Q1
disease	OMIM:147421	INCLUSION BODY MYOSITIS	Q1
disease	OMIM:147430	INDIFFERENCE TO PAIN, CONGENITAL, AUTOSOMAL DOMINANT	Q1
disease	OMIM:147480	CHOLESTASIS, INTRAHEPATIC, OF PREGNANCY, 1; ICP1	Q1
disease	OMIM:147530	INSENSITIVITY TO PAIN WITH HYPERPLASTIC MYELINOPATHY	Q1
disease	OMIM:147540	INSECT STINGS, HYPERSENSITIVITY TO	Q1
disease	OMIM:147560	INTERFERON ANTIVIRAL DEPRESSOR	Q1
disease	OMIM:147610	IRIS PIGMENT LAYER, CLEAVAGE OF	Q1
disease	OMIM:147630	ISLET CELL ADENOMATOSIS	Q1
disease	OMIM:147710	INTUSSUSCEPTION	Q1
disease	OMIM:147750	IVIC SYNDROME	Q1
disease	OMIM:147770	JOHNSON NEUROECTODERMAL SYNDROME	Q1
disease	OMIM:147791	JACOBSEN SYNDROME; JBS	Q1
disease	OMIM:147800	AASE-SMITH SYNDROME I	Q1
disease	OMIM:147820	INTERNAL CAROTID ARTERY, SPONTANEOUS DISSECTION OF	Q1
disease	OMIM:147860	INTERFERON, BETA-3; IFNB3	Q1
disease	OMIM:147891	ISCHIOCOXOPODOPATELLAR SYNDROME; ICPPS	Q1
disease	OMIM:147900	JOINT LAXITY, FAMILIAL	Q1
disease	OMIM:147920	KABUKI SYNDROME 1; KABUK1	Q1
disease	OMIM:147950	HYPOGONADOTROPIC HYPOGONADISM 2 WITH OR WITHOUT ANOSMIA; HH2	Q1
disease	OMIM:148000	KAPOSI SARCOMA, SUSCEPTIBILITY TO	Q1
disease	OMIM:148050	KBG SYNDROME; KBGS	Q1
disease	OMIM:148100	KELOID FORMATION	Q1
disease	OMIM:148190	KERATITIS, HEREDITARY	Q1
disease	OMIM:148200	KERATITIS FUGAX HEREDITARIA	Q1
disease	OMIM:148210	KERATITIS-ICHTHYOSIS-DEAFNESS SYNDROME, AUTOSOMAL DOMINANT	Q1
disease	OMIM:148300	KERATOCONUS 1; KTCN1	Q1
disease	OMIM:148350	KERATODERMA, PALMOPLANTAR, WITH DEAFNESS	Q1
disease	OMIM:148360	KERATODERMA, PALMOPLANTAR, WITH NAIL DYSTROPHY AND HEREDITARY MOTOR-SENSORY NEUROPATHY	Q1
disease	OMIM:148370	KERATOLYTIC WINTER ERYTHEMA; KWE	Q1
disease	OMIM:148390	KERATOSIS, FAMILIAL ACTINIC	Q1
disease	OMIM:148500	TYLOSIS WITH ESOPHAGEAL CANCER; TOC	Q1
disease	OMIM:148520	KERATOSIS PALMARIS ET PLANTARIS WITH CLINODACTYLY	Q1
disease	OMIM:148600	PALMOPLANTAR KERATODERMA, PUNCTATE TYPE IA; PPKP1A	Q1
disease	OMIM:148700	PALMOPLANTAR KERATODERMA I, STRIATE, FOCAL, OR DIFFUSE; PPKS1	Q1
disease	OMIM:148730	KERATOSIS, FOCAL PALMOPLANTAR AND GINGIVAL	Q1
disease	OMIM:148800	KLEEBLATTSCHAEDEL	Q1
disease	OMIM:148820	WAARDENBURG SYNDROME, TYPE 3; WS3	Q1
disease	OMIM:148840	KLEINE-LEVIN HIBERNATION SYNDROME	Q1
disease	OMIM:149000	KLIPPEL-TRENAUNAY-WEBER SYNDROME	Q1
disease	OMIM:149100	KNUCKLE PADS	Q1
disease	OMIM:149200	KNUCKLE PADS, LEUKONYCHIA, AND SENSORINEURAL DEAFNESS	Q1
disease	OMIM:149300	NAIL DISORDER, NONSYNDROMIC CONGENITAL, 2; NDNC2	Q1
disease	OMIM:149400	HYPEREKPLEXIA, HEREDITARY 1; HKPX1	Q1
disease	OMIM:149500	KYRLE DISEASE	Q1
disease	OMIM:149600	LABIA MINORA, INCOMPLETE ADHESION OF	Q1
disease	OMIM:149700	LACRIMAL DUCT DEFECT; LCDD	Q1
disease	OMIM:149730	LACRIMOAURICULODENTODIGITAL SYNDROME; LADD	Q1
disease	OMIM:150170	LACTIC ACIDOSIS, CHRONIC ADULT FORM	Q1
disease	OMIM:150230	TRICHORHINOPHALANGEAL SYNDROME, TYPE II; TRPS2	Q1
disease	OMIM:150250	LARSEN SYNDROME; LRS	Q1
disease	OMIM:150260	LARYNGEAL ABDUCTOR PARALYSIS	Q1
disease	OMIM:150270	LARYNGEAL ADDUCTOR PARALYSIS; LAP	Q1
disease	OMIM:150280	LARYNGOMALACIA	Q1
disease	OMIM:150300	LARYNX, CONGENITAL PARTIAL ATRESIA OF	Q1
disease	OMIM:150360	LARYNGEAL WEB, FAMILIAL	Q1
disease	OMIM:150400	TOOTH AGENESIS, SELECTIVE, 4; STHAG4	Q1
disease	OMIM:150500	LATTICE DEGENERATION OF RETINA LEADING TO RETINAL DETACHMENT	Q1
disease	OMIM:150550	LAZY LEUKOCYTE SYNDROME	Q1
disease	OMIM:150590	LEG ULCERS, FAMILIAL, OF JUVENILE ONSET	Q1
disease	OMIM:150600	LEGG-CALVE-PERTHES DISEASE; LCPD	Q1
disease	OMIM:150699	LEIOMYOMA, UTERINE; UL	Q1
disease	OMIM:150700	LEIOMYOMA OF VULVA AND ESOPHAGUS	Q1
disease	OMIM:150800	HEREDITARY LEIOMYOMATOSIS AND RENAL CELL CANCER; HLRCC	Q1
disease	OMIM:150900	LENTIGINES	Q1
disease	OMIM:151000	LENTIGINOSIS, CENTROFACIAL NEURODYSRAPHIC	Q1
disease	OMIM:151001	LENTIGINOSIS, INHERITED PATTERNED	Q1
disease	OMIM:151050	LENZ-MAJEWSKI HYPEROSTOTIC DWARFISM; LMHD	Q1
disease	OMIM:151100	LEOPARD SYNDROME 1; LPRD1	Q1
disease	OMIM:151200	CHROMOSOME 8q22.1 DUPLICATION SYNDROME	Q1
disease	OMIM:151210	PLATYSPONDYLIC LETHAL SKELETAL DYSPLASIA, TORRANCE TYPE; PLSDT	Q1
disease	OMIM:151380	LEUKEMIA, ACUTE MONOCYTIC	Q1
disease	OMIM:151400	LEUKEMIA, CHRONIC LYMPHOCYTIC; CLL	Q1
disease	OMIM:151500	LEUKOCYTE NUCLEAR APPENDAGES, HEREDITARY PREVALENCE OF	Q1
disease	OMIM:151590	LICHEN SCLEROSUS ET ATROPHICUS; LSA	Q1
disease	OMIM:151600	NAIL DISORDER, NONSYNDROMIC CONGENITAL, 3; NDNC3	Q1
disease	OMIM:151610	LEVATOR-MEDIAL RECTUS SYNKINESIS	Q1
disease	OMIM:151620	LICHEN PLANUS, FAMILIAL	Q1
disease	OMIM:151623	LI-FRAUMENI SYNDROME 1; LFS1	Q1
disease	OMIM:151630	LIP, MEDIAN NODULE OF UPPER	Q1
disease	OMIM:151640	LIP, HAMARTOMATOUS	Q1
disease	OMIM:151660	LIPODYSTROPHY, FAMILIAL PARTIAL, TYPE 2; FPLD2	Q1
disease	OMIM:151700	LIPOMA OF THE CONJUNCTIVA	Q1
disease	OMIM:151800	LIPOMATOSIS, MULTIPLE SYMMETRIC; MSL	Q1
disease	OMIM:151900	LIPOMATOSIS, MULTIPLE	Q1
disease	OMIM:152100	LIPOPROTEIN TYPES--Ld SYSTEM	Q1
disease	OMIM:152300	LIPOPROTEIN TYPES--Lt SYSTEM	Q1
disease	OMIM:152400	LIPOPROTEIN, VARIANT OF BETA	Q1
disease	OMIM:152420	LITHIUM TRANSPORT	Q1
disease	OMIM:152430	LONGEVITY 1	Q1
disease	OMIM:152450	LOW DENSITY LIPOPROTEIN, VARIATION IN MOLECULAR WEIGHT OF	Q1
disease	OMIM:152550	LUMBAR STENOSIS, FAMILIAL	Q1
disease	OMIM:152600	LUNULAE OF FINGERNAILS	Q1
disease	OMIM:152700	SYSTEMIC LUPUS ERYTHEMATOSUS; SLE	Q1
disease	OMIM:152800	LYMPHANGIECTASIA, INTESTINAL	Q1
disease	OMIM:152900	LYMPHEDEMA AND CEREBRAL ARTERIOVENOUS ANOMALY	Q1
disease	OMIM:152950	MICROCEPHALY WITH OR WITHOUT CHORIORETINOPATHY, LYMPHEDEMA, OR MENTAL RETARDATION; MCLMR	Q1
disease	OMIM:153100	LYMPHEDEMA, HEREDITARY, IA; LMPH1A	Q1
